"IdDape","Numero","Fecha","Periodo","IdEstado","Id_Cliente","cantidad","valor","plazo","fec_vto","IdTipo_Doc","IdReferencia","observacion","Imp_Comi_Uni","Imp_Comi_Do","TCambio","Impor_Comi","iddapepad","factura_id","pto_vta","Fac_Nro","Feccre","usucre","fecultmod","usuultmod","vendedor_id","sub_hijo"
"27","1","2019-06-24",,"31","784","2","1120","3","2019-09-24","1","29","GUILLERMO",,,,"6720",,"2193","2","2000","2019-06-24 22:40:07","1","2019-06-26 19:28:41","1",,"49"
"28","2","2019-06-24",,"31","887","1","1120","3","2019-09-24","1","29",,,,,"3360",,"196","2","9","2019-06-24 22:41:23","1","2019-06-26 19:34:23","1",,"50"
"29","3","2019-06-24",,"31","886","1","1120","3","2019-09-24","1","29",,,,,"3360",,,,,"2019-06-24 22:41:51","1","2019-06-27 17:19:50","1",,"30"
"30","4","2019-07-01",,"31","886","1","1120","3","2019-10-01","1","29",,,,,"3360",,"197","2","10","2019-07-01 14:27:17","1","2019-07-01 15:01:16","1",,"51"
"31","5","2019-07-24",,"31","889","1","1120","3","2019-10-24","1","29","AGO-SETP-OCT",,,,"3360",,"2237","2","2042","2019-07-24 17:24:45","1","2019-07-24 17:56:08","1",,"75"
"32","6","2019-07-24",,"31","376","3","1120","3","2019-10-24","1","29",,,,,"10080",,"2240","2","2045","2019-07-24 17:27:07","1","2019-07-24 18:01:19","1",,"71"
"33","7","2019-07-24",,"31","830","1","1120","3","2019-10-24","1","29",,,,,"3360",,"2239","2","2044","2019-07-24 17:27:38","1","2019-07-24 17:59:43","1",,"73"
"34","8","2019-07-24",,"31","832","1","1120","3","2019-10-24","1","29",,,,,"3360",,"2236","2","2041","2019-07-24 17:28:03","1","2019-07-24 17:53:32","1",,"76"
"35","9","2019-07-24",,"31","853","1","1120","3","2019-10-24","1","29",,,,,"3360",,"2238","2","2043","2019-07-24 17:28:29","1","2019-07-24 17:57:54","1",,"74"
"36","10","2019-07-24",,"31","884","1","1120","3","2019-10-24","1","29",,,,,"3360",,"198","2","11","2019-07-24 17:29:08","1","2019-07-24 18:09:08","1",,"77"
"37","11","2019-08-14",,"31","347","3","1330","1","2019-09-14","1","29","gustavo.garcia@odfjellterminals.com.ar",,,,"3990",,"2292","2","2095","2019-08-14 16:36:03","1","2019-08-29 15:43:03","1",,"53"
"38","12","2019-08-14",,"31","877","1","1330","1","2019-09-14","1","29","mariano@cambioimperial.com.ar",,,,"1330",,"2285","2","2088","2019-08-14 16:39:52","1","2019-08-29 15:29:07","1",,"60"
"39","13","2019-08-14",,"31","897","1","1330","1","2019-09-14","1","29","maxis3ibarra@gmail.com",,,,"1330",,"199","2","12","2019-08-14 16:55:09","1","2019-08-22 14:32:27","1",,"48"
"40","14","2019-08-21",,"31","849","1","1330","1","2019-09-21","1","29","gimena.grane@baggio.com.ar",,,,"1330",,"2290","2","2093","2019-08-21 16:55:10","1","2019-08-29 15:38:17","1",,"55"
"41","15","2019-08-21",,"31","862","1","1330","1","2019-09-21","1","29","denisealpentista@pietrelliprunes.com",,,,"1330",,"2291","2","2094","2019-08-21 16:55:42","1","2019-08-29 15:39:48","1",,"54"
"42","16","2019-08-21",,"31","861","1","1330","1","2019-09-21","1","29","cedagna@fenus.com.ar",,,,"1330",,"2287","2","2090","2019-08-21 16:56:34","1","2019-08-29 15:33:24","1",,"58"
"43","17","2019-08-21",,"31","863","1","1330","1","2019-09-21","1","29","jmuscia@hotmail.com",,,,"1330",,"2282","2","2085","2019-08-21 16:57:21","1","2019-08-22 14:35:22","1",,"47"
"44","18","2019-08-21",,"31","864","1","1330","1","2019-09-21","1","29","admnortelevisa@gmail.com",,,,"1330",,"2289","2","2092","2019-08-21 16:58:36","1","2019-08-29 15:36:48","1",,"56"
"45","19","2019-08-21",,"31","876","1","1330","1","2019-09-21","1","29","nicolasc@mroyo.com",,,,"1330",,"2288","2","2091","2019-08-21 16:59:17","1","2019-08-29 15:35:20","1",,"57"
"46","20","2019-08-21",,"31","890","2","1330","1","2019-09-21","1","29","administracion@desinmec.com",,,,"2660",,"2286","2","2089","2019-08-21 18:55:27","1","2019-08-29 15:31:49","1",,"59"
"47","21","2019-08-22",,"31","863","1","1330","1","2019-09-22","1","29",,,,,"1330",,"2293","2","2096","2019-08-22 14:48:30","1","2019-08-29 15:44:36","1",,"52"
"48","22","2019-08-22",,"31","897","1","1330","1","2019-09-22","1","29",,,,,"1330",,"200","2","13","2019-08-22 14:48:51","1","2019-08-29 15:50:11","1",,"72"
"49","23","2019-09-25",,"31","784","2","1330","1","2019-10-25","1","29","PERIODOS: SEPTIEMBRE - OCTUBRE - NOVIEMBRE",,,,"2660",,"2348","2","2150","2019-09-23 01:38:21","1","2019-09-23 01:58:07","1",,"69"
"50","24","2019-09-23",,"31","887","1","1330","1","2019-10-23","1","29","PERIODOS: SEPTIEMBRE - OCTUBRE - NOVIEMBRE",,,,"1330",,"201","2","14","2019-09-23 01:38:25","1","2019-09-23 02:15:08","1",,"70"
"51","25","2019-09-23",,"31","886","1","1330","1","2019-10-23","1","29","PERIODOS: SEPTIEMBRE - OCTUBRE - NOVIEMBRE",,,,"1330",,"202","2","15","2019-09-23 01:38:53","1","2019-09-23 02:17:40","1",,"78"
"52","26","2019-09-23",,"31","863","1","1330","1","2019-10-23","1","29",,,,,"1330",,"2344","2","2146","2019-09-23 01:42:54","1","2019-09-23 01:50:38",,,"79"
"53","27","2019-09-23",,"31","347","3","1330","1","2019-10-23","1","29",,,,,"3990",,"2353","2","2155","2019-09-23 01:44:18","1","2019-09-23 02:08:04","1",,"63"
"54","28","2019-09-23",,"31","862","1","1330","1","2019-10-23","1","29",,,,,"1330",,"2352","2","2154","2019-09-23 01:44:42","1","2019-09-23 02:04:46","1",,"62"
"55","29","2019-09-23",,"31","849","1","1330","1","2019-10-23","1","29",,,,,"1330",,"2351","2","2153","2019-09-23 01:44:57","1","2019-09-23 02:03:17","1",,"64"
"56","30","2019-09-23",,"31","864","1","1330","1","2019-10-23","1","29",,,,,"1330",,"2350","2","2152","2019-09-23 01:45:11","1","2019-09-23 02:01:31","1",,"65"
"57","31","2019-09-23",,"31","876","1","1330","1","2019-10-23","1","29",,,,,"1330",,"2349","2","2151","2019-09-23 01:45:24","1","2019-09-23 01:59:48","1",,"66"
"58","32","2019-09-23",,"31","861","1","1330","1","2019-10-23","1","29",,,,,"1330",,"2347","2","2149","2019-09-23 01:45:41","1","2019-09-23 01:56:28","1",,"67"
"59","33","2019-09-23",,"31","890","2","1330","1","2019-10-23","1","29",,,,,"2660",,"2346","2","2148","2019-09-23 01:46:29","1","2019-09-23 01:54:55","1",,"68"
"60","34","2019-09-23",,"31","877","1","1330","1","2019-10-23","1","29",,,,,"1330",,"2345","2","2147","2019-09-23 01:46:45","1","2019-09-23 01:52:17","1",,"61"
"61","35","2019-10-24",,"31","877","1","1330","1","2019-11-24","1","29","PERIODOS: OCTUBRE",,,,"1330",,"2419","2","2219","2019-10-21 14:49:38","1","2019-10-25 18:26:44",,,"90"
"62","36","2019-10-24",,"31","862","1","1330","1","2019-11-24","1","29","PERIODOS: OCTUBRE",,,,"1330",,"2430","2","2230","2019-10-21 14:50:49","1","2019-10-25 18:46:14",,,"93"
"63","37","2019-10-24",,"31","347","3","1330","1","2019-11-24","1","29","PERIODOS: OCTUBRE",,,,"3990",,"2427","2","2227","2019-10-21 14:50:59","1","2019-10-25 18:41:13",,,"98"
"64","38","2019-10-24",,"31","849","1","1330","1","2019-11-24","1","29","PERIODOS: OCTUBRE",,,,"1330",,"2429","2","2229","2019-10-21 14:51:37","1","2019-10-25 18:44:33",,,"92"
"65","39","2019-10-24",,"31","864","1","1330","1","2019-11-24","1","29","PERIODOS: OCTUBRE",,,,"1330",,"2426","2","2226","2019-10-21 14:51:42","1","2019-10-25 18:39:14",,,"97"
"66","40","2019-10-24",,"31","876","1","1330","1","2019-11-24","1","29","PERIODOS: OCTUBRE",,,,"1330",,"2425","2","2225","2019-10-21 14:51:50","1","2019-10-25 18:37:41",,,"96"
"67","41","2019-10-24",,"31","861","1","1330","1","2019-11-24","1","29","PERIODOS: OCTUBRE",,,,"1330",,"2422","2","2222","2019-10-21 14:51:59","1","2019-10-25 18:31:56",,,"95"
"68","42","2019-10-24",,"31","890","2","1330","1","2019-11-24","1","29","PERIODOS: OCTUBRE",,,,"2660",,"2421","2","2221","2019-10-21 14:52:09","1","2019-10-25 18:30:03",,,"94"
"69","43","2019-10-26",,"31","784","2","1330","1","2019-11-26","1","29","PERIODOS: OCTUBRE",,,,"2660",,"2423","2","2223","2019-10-21 14:55:40","1","2019-10-25 18:34:37",,,"99"
"70","44","2019-10-24",,"31","887","1","1330","1","2019-11-24","1","29","PERIODOS: OCTUBRE",,,,"1330",,"2435","2","2234","2019-10-21 14:56:10","1","2019-10-25 19:22:26",,,"91"
"71","45","2019-10-21",,"31","376","3","1330","1","2019-11-21","1","29","NOV   davidmeza@rafalim.com",,,,"3990",,"2428","2","2228","2019-10-21 14:59:32","1","2019-10-25 18:42:56","1",,"105"
"72","46","2019-09-30",,"31","897","1","1330","2","2019-11-30","1","29",,,,,"2660",,"203","2","16","2019-10-21 15:00:44","1","2019-10-25 19:17:08","1",,"85"
"73","47","2019-10-21",,"31","830","1","1330","1","2019-11-21","1","29",,,,,"1330",,"2431","2","2231","2019-10-21 15:01:01","1","2019-10-25 18:47:42","1",,"103"
"74","48","2019-10-21",,"31","853","1","1330","1","2019-11-21","1","29",,,,,"1330",,"2424","2","2224","2019-10-21 15:01:18","1","2019-10-25 18:35:59","1",,"104"
"75","49","2019-10-21",,"31","889","1","1330","1","2019-11-21","1","29",,,,,"1330",,"2420","2","2220","2019-10-21 15:01:30","1","2019-10-25 18:28:18","1",,"102"
"76","50","2019-10-21",,"31","832","1","1330","1","2019-11-21","1","29",,,,,"1330",,"2418","2","2218","2019-10-21 15:02:27","1","2019-10-25 18:24:56","1",,"101"
"77","51","2019-10-21",,"31","884","1","1330","1","2019-11-21","1","29",,,,,"1330",,"2432","2","2232","2019-10-21 15:02:39","1","2019-10-25 18:49:24","1",,"100"
"78","52","2019-10-24",,"31","886","1","1330","1","2019-11-24","1","29","PERIODOS: OCTUBRE",,,,"1330",,"204","2","17","2019-10-21 15:10:10","1","2019-10-25 19:28:29",,,"89"
"79","53","2019-10-24",,"10","863","1","2462.5","1","2019-11-24","1","29","PERIODOS: OCTUBRE",,,,"2462.5","52",,,,"2019-10-21 15:11:58","1","2019-11-21 21:42:59","1",,"88"
"80","54","2019-10-14",,"31","594","2","1330","1","2019-11-14","1","29","estrauss@plastargroup.com",,,,"2660",,"2437","2","2235","2019-10-25 18:15:00","1","2019-10-25 19:32:35","1",,
"81","55","2019-09-30",,"31","594","1","1330","2","2019-11-30","1","29","csinelli@plastargroup.com",,,,"2660",,"2433","2","2233","2019-10-25 18:18:20","1","2019-10-25 18:54:13","1",,"86"
"82","56","2019-11-11",,"13","681","1","2462.5","1","2019-12-11","1","29",,,,,"2462.5",,,,,"2019-11-16 10:19:06","1","2019-11-21 22:14:01","1",,
"83","57","2019-10-28",,"10","909","1","2462.5","1","2019-11-28","1","29",,,,,"2462.5",,,,,"2019-11-16 10:21:04","1","2020-08-26 13:12:57","1",,
"84","58","2019-11-06",,"13","910","1","2462.5","1","2019-12-06","1","29",,,,,"2462.5",,,,,"2019-11-16 10:21:47","1","2019-11-21 22:13:57","1",,
"85","59","2019-12-01",,"31","897","1","1330","1","2020-01-01","1","29","PERIODOS: DICIEMBRE - ENERO",,,,"1330",,"205","2","18","2019-11-21 13:56:52","1","2019-11-21 21:52:50","1",,"123"
"86","60","2019-12-01",,"31","594","1","1330","1","2020-01-01","1","29","PERIODOS: DICIEMBRE - ENERO",,,,"1330",,"2502","2","2300","2019-11-21 13:56:56","1","2019-11-21 21:45:42","1",,"87"
"87","61","2019-12-01",,"31","594","1","1330","2","2020-02-01","1","29","PERIODOS: DICIEMBRE - ENERO",,,,"2660",,"2502","2","2300","2019-11-21 13:57:09","1","2019-11-21 21:45:42","1",,"124"
"88","62","2019-11-25",,"10","863","1","2462.5","1","2019-12-25","1","29","PERIODOS: NOVIEMBRE",,,,"2462.5","79",,,,"2019-11-21 13:57:32","1","2019-11-21 21:43:04","1",,"125"
"89","63","2019-11-25",,"31","886","1","1330","1","2019-12-25","1","29","PERIODOS: NOVIEMBRE",,,,"1330",,"206","2","19","2019-11-21 13:57:37","1","2019-11-21 21:58:15",,,"117"
"90","64","2019-11-25",,"31","877","1","1330","1","2019-12-25","1","29","PERIODOS: NOVIEMBRE",,,,"1330",,"2488","2","2286","2019-11-21 13:57:41","1","2019-11-21 21:15:15",,,"114"
"91","65","2019-11-25",,"31","887","1","1330","1","2019-12-25","1","29","PERIODOS: NOVIEMBRE",,,,"1330",,"207","2","20","2019-11-21 13:57:44","1","2019-11-21 22:01:39",,,"120"
"92","66","2019-11-25",,"31","849","1","1330","1","2019-12-25","1","29","PERIODOS: NOVIEMBRE",,,,"1330",,"2499","2","2297","2019-11-21 13:57:48","1","2019-11-21 21:38:44",,,"119"
"93","67","2019-11-25",,"31","862","1","1330","1","2019-12-25","1","29","PERIODOS: NOVIEMBRE",,,,"1330",,"2500","2","2298","2019-11-21 13:57:51","1","2019-11-21 21:40:29",,,"118"
"94","68","2019-11-25",,"31","890","2","1330","1","2019-12-25","1","29","PERIODOS: NOVIEMBRE",,,,"2660",,"2490","2","2288","2019-11-21 13:57:56","1","2019-11-21 21:20:34",,,"121"
"95","69","2019-11-25",,"31","861","1","1330","1","2019-12-25","1","29","PERIODOS: NOVIEMBRE",,,,"1330",,"2491","2","2289","2019-11-21 13:57:58","1","2019-11-21 21:23:14",,,"116"
"96","70","2019-11-25",,"31","876","1","1330","1","2019-12-25","1","29","PERIODOS: NOVIEMBRE",,,,"1330",,"2494","2","2292","2019-11-21 13:58:03","1","2019-11-21 21:27:53",,,"115"
"97","71","2019-11-25",,"31","864","1","1330","1","2019-12-25","1","29","PERIODOS: NOVIEMBRE",,,,"1330",,"2495","2","2293","2019-11-21 13:58:07","1","2019-11-21 21:29:44",,,"113"
"98","72","2019-11-25",,"31","347","3","1330","1","2019-12-25","1","29","PERIODOS: NOVIEMBRE",,,,"3990",,"2497","2","2295","2019-11-21 13:58:12","1","2019-11-21 21:33:09",,,"112"
"99","73","2019-11-27",,"31","784","2","1330","1","2019-12-27","1","29","PERIODOS: NOVIEMBRE",,,,"2660",,"2492","2","2290","2019-11-21 13:58:16","1","2019-11-21 21:25:06",,,"122"
"100","74","2019-11-22",,"31","884","1","1330","1","2019-12-22","1","29","PERIODOS: NOVIEMBRE",,,,"1330",,"2496","2","2294","2019-11-21 19:57:48","1","2019-11-21 21:31:04",,,"110"
"101","75","2019-11-22",,"31","832","1","1330","1","2019-12-22","1","29","PERIODOS: NOVIEMBRE",,,,"1330",,"2487","2","2285","2019-11-21 19:57:52","1","2019-11-21 21:13:31",,,"109"
"102","76","2019-11-22",,"31","889","1","1330","1","2019-12-22","1","29","PERIODOS: NOVIEMBRE",,,,"1330",,"2489","2","2287","2019-11-21 19:57:55","1","2019-11-21 21:17:51",,,"107"
"103","77","2019-11-22",,"31","830","1","1330","1","2019-12-22","1","29","PERIODOS: NOVIEMBRE",,,,"1330",,"2501","2","2299","2019-11-21 19:58:00","1","2019-11-21 21:42:03",,,"111"
"104","78","2019-11-22",,"31","853","1","1330","1","2019-12-22","1","29","PERIODOS: NOVIEMBRE",,,,"1330",,"2493","2","2291","2019-11-21 19:58:03","1","2019-11-21 21:26:32",,,"108"
"105","79","2019-11-22",,"31","376","3","1330","1","2019-12-22","1","29","PERIODOS: NOVIEMBRE",,,,"3990",,"2498","2","2296","2019-11-21 19:58:08","1","2019-11-21 21:35:45",,,"196"
"106","80","2019-12-23",,"31","376","3","1330","2","2020-02-23","1","29","PERIODOS: DICIEMBRE",,,,"7980",,"2570","2","2365","2019-12-17 20:05:29","1","2019-12-25 22:18:31","1",,"130"
"107","81","2019-12-23",,"31","889","1","1330","2","2020-02-23","1","29","PERIODOS: DICIEMBRE",,,,"2660",,"2561","2","2356","2019-12-17 20:06:33","1","2019-12-25 22:03:21","1",,"135"
"108","82","2019-12-23",,"31","853","1","1330","2","2020-02-23","1","29","PERIODOS: DICIEMBRE",,,,"2660",,"2565","2","2360","2019-12-17 20:06:37","1","2019-12-25 22:10:45","1",,"134"
"109","83","2019-12-23",,"31","832","1","1330","2","2020-02-23","1","29","PERIODOS: DICIEMBRE",,,,"2660",,"2559","2","2354","2019-12-17 20:06:40","1","2019-12-25 21:59:27","1",,"133"
"110","84","2019-12-23",,"31","884","1","1330","2","2020-02-23","1","29","PERIODOS: DICIEMBRE",,,,"2660",,"2568","2","2363","2019-12-17 20:06:43","1","2019-12-25 22:15:13","1",,"132"
"111","85","2019-12-23",,"31","830","1","1330","2","2020-02-23","1","29","PERIODOS: DICIEMBRE",,,,"2660","103","2573","2","2368","2019-12-17 20:06:46","1","2019-12-25 22:23:28","1",,"131"
"112","86","2019-12-26",,"31","347","3","1330","2","2020-02-26","1","29","PERIODOS: DICIEMBRE",,,,"7980",,"2569","2","2364","2019-12-17 20:06:49","1","2019-12-25 22:16:53","1",,"144"
"113","87","2019-12-26",,"31","864","1","1330","2","2020-02-26","1","29","PERIODOS: DICIEMBRE",,,,"2660",,"2567","2","2362","2019-12-17 20:06:52","1","2019-12-25 22:13:45","1",,"143"
"114","88","2019-12-26",,"31","877","1","1330","2","2020-02-26","1","29","PERIODOS: DICIEMBRE",,,,"2660",,"2560","2","2355","2019-12-17 20:06:56","1","2019-12-25 22:01:27","1",,"142"
"115","89","2019-12-26",,"31","876","1","1330","2","2020-02-26","1","29","PERIODOS: DICIEMBRE",,,,"2660",,"2566","2","2361","2019-12-17 20:06:59","1","2019-12-25 22:12:18","1",,"141"
"116","90","2019-12-26",,"31","861","1","1330","2","2020-02-26","1","29","PERIODOS: DICIEMBRE",,,,"2660",,"2563","2","2358","2019-12-17 20:07:02","1","2019-12-25 22:06:37","1",,"140"
"117","91","2019-12-26",,"31","886","1","1330","2","2020-02-26","1","29","PERIODOS: DICIEMBRE",,,,"2660",,"210","2","23","2019-12-17 20:07:06","1","2019-12-25 22:33:16","1",,"146"
"118","92","2019-12-26",,"31","862","1","1330","2","2020-02-26","1","29","PERIODOS: DICIEMBRE",,,,"2660",,"2572","2","2367","2019-12-17 20:07:10","1","2019-12-25 22:22:03","1",,"139"
"119","93","2019-12-26",,"31","849","1","1330","2","2020-02-26","1","29","PERIODOS: DICIEMBRE",,,,"2660",,"2571","2","2366","2019-12-17 20:07:14","1","2019-12-25 22:20:04","1",,"138"
"120","94","2019-12-26",,"31","887","1","1330","2","2020-02-26","1","29","PERIODOS: DICIEMBRE",,,,"2660",,"208","2","21","2019-12-17 20:07:19","1","2019-12-25 22:26:36","1",,"137"
"121","95","2019-12-26",,"31","890","2","1330","2","2020-02-26","1","29","PERIODOS: DICIEMBRE",,,,"5320",,"2562","2","2357","2019-12-17 20:07:22","1","2019-12-25 22:05:07","1",,"136"
"122","96","2019-12-28",,"31","784","2","1330","2","2020-02-28","1","29","PERIODOS: DICIEMBRE",,,,"5320",,"2564","2","2359","2019-12-17 20:07:27","1","2019-12-25 22:09:09","1",,"145"
"123","97","2020-01-02",,"31","897","1","1330","2","2020-03-02","1","29","PERIODOS: ENERO",,,,"2660",,"209","2","22","2019-12-23 09:26:43","1","2019-12-25 22:30:50","1",,"164"
"124","97","2020-02-23",,"31","594","3","1330","2","2020-04-23","1","29","PERIODOS: ENERO estrauss@plastargroup.com",,,,"7980",,"2673","2","2465","2019-12-23 09:26:49","1","2020-02-19 15:30:12","1",,"174"
"125","97","2019-11-25",,"10","863","1","2462.5","1","2019-12-25","1","29","PERIODOS: NOVIEMBRE",,,,"2462.5","88",,,,"2019-12-23 21:41:07","1","2020-08-26 13:13:07","1",,
"126","98","2019-07-01",,"31","866","3","1120","6","2020-01-01","1","29","fmartina@heinlein.com.ar",,,,"20457.44",,"2627","2","2419","2020-01-06 13:47:14","1","2020-02-07 13:46:15","1",,"129"
"127","99","2020-02-23",,"13","376","1","2462.5","2","2020-04-23","1","29","davidmeza@rafalim.com",,,,"4925",,,,,"2020-01-06 13:52:15","1","2020-01-06 14:03:45","1",,
"128","100","2020-02-23",,"13","347","1","2462.5","2","2020-04-23","1","29","gabriel.von.stremayr@odfjellterminals.com.ar",,,,"4925",,,,,"2020-01-06 13:53:44","1","2020-01-06 14:03:37","1",,
"129","98","2019-12-30",,"31","866","3","1330","3","2020-03-30","1","29","glorenzo@heinlein.com.ar",,,,"12058.06",,"2628","2","2420","2020-02-07 13:52:44","1","2020-02-07 13:56:05","1",,"166"
"130","99","2020-02-24",,"31","376","3","1330","2","2020-04-24","1","29","PERIODOS: FEBRERO - MARZO pilaryebra@rafalim.com",,,,"7980",,"2674","2","2466","2020-02-13 21:01:27","1","2020-02-19 15:31:59","1",,"148"
"131","99","2020-02-24",,"31","830","1","1330","2","2020-04-24","1","29","PERIODOS: FEBRERO - MARZO",,,,"2660","111","2675","2","2467","2020-02-13 21:01:32","1","2020-02-19 15:33:28",,,
"132","99","2020-02-24",,"31","884","1","1330","2","2020-04-24","1","29","PERIODOS: FEBRERO - MARZO",,,,"2660",,"2672","2","2464","2020-02-13 21:01:35","1","2020-02-19 15:28:25",,,"153"
"133","99","2020-02-24",,"31","832","1","1330","2","2020-04-24","1","29","PERIODOS: FEBRERO - MARZO",,,,"2660",,"2669","2","2461","2020-02-13 21:01:38","1","2020-02-19 15:22:59",,,"152"
"134","99","2020-02-24",,"31","853","1","1330","2","2020-04-24","1","29","PERIODOS: FEBRERO - MARZO",,,,"2660",,"2671","2","2463","2020-02-13 21:01:41","1","2020-02-19 15:27:00",,,"151"
"135","99","2020-02-24",,"31","889","1","1330","2","2020-04-24","1","29","PERIODOS: FEBRERO - MARZO",,,,"2660",,"2670","2","2462","2020-02-13 21:01:45","1","2020-02-19 15:25:20",,,"150"
"136","99","2020-02-27",,"31","890","2","1330","2","2020-04-27","1","29","PERIODOS: FEBRERO - MARZO",,,,"5320",,"2677","2","2469","2020-02-19 15:44:51","1","2020-02-19 15:55:03","1",,"161"
"137","99","2020-02-27",,"31","887","1","1330","2","2020-04-27","1","29","PERIODOS: FEBRERO - MARZO",,,,"2660",,"211","2","24","2020-02-19 15:45:08","1","2020-02-19 16:26:03",,,"160"
"138","99","2020-02-27",,"31","849","1","1330","2","2020-04-27","1","29","PERIODOS: FEBRERO - MARZO",,,,"2660",,"2682","2","2474","2020-02-19 15:45:13","1","2020-02-19 16:06:17",,,"159"
"139","99","2020-02-27",,"31","862","1","1330","2","2020-04-27","1","29","PERIODOS: FEBRERO - MARZO",,,,"2660",,"2683","2","2475","2020-02-19 15:45:17","1","2020-02-19 16:07:36",,,"158"
"140","99","2020-02-27",,"31","861","1","1330","2","2020-04-27","1","29","PERIODOS: FEBRERO - MARZO",,,,"2660",,"2678","2","2470","2020-02-19 15:45:22","1","2020-02-19 15:56:25",,,"157"
"141","99","2020-02-27",,"31","876","1","1330","2","2020-04-27","1","29","PERIODOS: FEBRERO - MARZO",,,,"2660",,"2679","2","2471","2020-02-19 15:45:26","1","2020-02-19 16:01:44",,,"156"
"142","99","2020-02-27",,"31","877","1","1330","2","2020-04-27","1","29","PERIODOS: FEBRERO - MARZO",,,,"2660",,"2676","2","2468","2020-02-19 15:45:31","1","2020-02-19 15:52:00",,,"155"
"143","99","2020-02-27",,"31","864","1","1330","2","2020-04-27","1","29","PERIODOS: FEBRERO - MARZO",,,,"2660",,"2680","2","2472","2020-02-19 15:45:35","1","2020-02-19 16:03:42",,,"145"
"144","99","2020-02-27",,"31","347","3","1330","2","2020-04-27","1","29","PERIODOS: FEBRERO - MARZO",,,,"7980",,"2681","2","2473","2020-02-19 15:45:42","1","2020-02-19 16:05:11","1",,"149"
"145","99","2020-02-29",,"31","784","2","1330","2","2020-04-29","1","29","PERIODOS: FEBRERO - MARZO",,,,"5320",,"2684","2","2476","2020-02-19 16:18:55","1","2020-02-19 16:23:33","1",,"162"
"146","101","2020-03-01",,"31","886","1","1330","2","2020-05-01","1","29","'Danielserber@cuentaclase.com.ar'",,,,"2660",,"2761","2","2552","2020-04-14 20:08:12","1","2020-04-14 20:21:38","1",,"163"
"147","102","2020-04-24",,"31","594","3","1330","2","2020-06-24","1","29","PERIODOS: ABRIL - MAYO",,,,"7980","124","2808","2","2599","2020-04-23 17:26:43","1","2020-04-23 18:50:23",,,"168"
"148","103","2020-04-24",,"31","376","1","1330","2","2020-06-24","1","29","PERIODOS: ABRIL - MAYO",,,,"7980","127","2809","2","2600","2020-04-23 17:26:49","1","2020-04-23 18:52:10",,,"169"
"149","104","2020-04-24",,"31","347","3","1330","2","2020-06-24","1","29","PERIODOS: ABRIL - MAYO",,,,"7980","128","2810","2","2601","2020-04-23 17:26:53","1","2020-04-23 18:55:16","1",,"170"
"150","105","2020-04-25",,"31","889","1","1330","2","2020-06-25","1","29","PERIODOS: ABRIL - MAYO",,,,"2660","135","2798","2","2589","2020-04-23 17:27:06","1","2020-04-23 18:18:50",,,"178"
"151","106","2020-04-25",,"31","853","1","1330","2","2020-06-25","1","29","PERIODOS: ABRIL - MAYO",,,,"2660","134","2802","2","2593","2020-04-23 17:27:10","1","2020-04-23 18:32:33",,,"177"
"152","107","2020-04-25",,"31","832","1","1330","2","2020-06-25","1","29","PERIODOS: ABRIL - MAYO",,,,"2660","133","2796","2","2587","2020-04-23 17:27:13","1","2020-04-23 18:14:19",,,"172"
"153","108","2020-04-25",,"31","884","1","1330","2","2020-06-25","1","29","PERIODOS: ABRIL - MAYO",,,,"2660","132","2805","2","2596","2020-04-23 17:27:16","1","2020-04-23 18:43:17",,,"171"
"154","109","2020-04-28",,"31","864","1","1330","2","2020-06-28","1","29","PERIODOS: ABRIL - MAYO",,,,"2660","143","2804","2","2595","2020-04-23 17:27:23","1","2020-04-23 18:40:15",,,"185"
"155","110","2020-04-28",,"31","877","1","1330","2","2020-06-28","1","29","PERIODOS: ABRIL - MAYO",,,,"2660","142","2797","2","2588","2020-04-23 17:27:31","1","2020-04-23 18:16:32",,,"184"
"156","111","2020-04-28",,"31","876","1","1330","2","2020-06-28","1","29","PERIODOS: ABRIL - MAYO",,,,"2660","141","2803","2","2594","2020-04-23 17:27:35","1","2020-04-23 18:36:53",,,"183"
"157","112","2020-04-28",,"31","861","1","1330","2","2020-06-28","1","29","PERIODOS: ABRIL - MAYO",,,,"2660","140","2800","2","2591","2020-04-23 17:27:38","1","2020-04-23 18:23:38",,,"182"
"158","113","2020-04-28",,"31","862","1","1330","2","2020-06-28","1","29","PERIODOS: ABRIL - MAYO",,,,"2660","139","2807","2","2598","2020-04-23 17:27:48","1","2020-04-23 18:48:07",,,"180"
"159","114","2020-04-28",,"31","849","1","1330","2","2020-06-28","1","29","PERIODOS: ABRIL - MAYO",,,,"2660","138","2806","2","2597","2020-04-23 17:27:54","1","2020-04-23 18:46:15",,,"179"
"160","115","2020-04-28",,"31","887","1","1330","2","2020-06-28","1","29","PERIODOS: ABRIL - MAYO",,,,"2660","137","212","2","25","2020-04-23 17:28:12","1","2020-04-23 18:58:25",,,
"161","116","2020-04-28",,"31","890","2","1330","2","2020-06-28","1","29","PERIODOS: ABRIL - MAYO",,,,"5320","136","2799","2","2590","2020-04-23 17:28:21","1","2020-04-23 18:21:01",,,"181"
"162","117","2020-04-30",,"31","784","2","1330","2","2020-06-30","1","29","PERIODOS: ABRIL - MAYO",,,,"5320","145","2801","2","2592","2020-04-23 17:28:27","1","2020-04-23 18:26:53",,,"176"
"163","118","2020-05-02",,"31","886","1","1330","2","2020-07-02","1","29","PERIODOS: MAYO - JUNIO",,,,"2660","146","2812","2","2602","2020-04-23 19:00:24","1","2020-04-23 19:02:12",,,"173"
"164","119","2020-03-01",,"31","897","1","1330","2","2020-05-01","1","29",,,,,"2660",,"213","2","26","2020-04-23 19:44:10","1","2020-04-23 19:53:30","1",,
"165","120","2020-05-07",,"31","941","1","1330","3","2020-08-07","1","29","AXROSENSTEIN@GMAIL.COM",,,,"3990",,"2819","2","2608","2020-05-07 13:36:07","1","2020-05-07 13:50:56","1",,
"166","121","2020-03-30",,"31","866","3","1330","2","2020-05-30","1","29","lpirruccio@heinlein.com.ar",,,,"7980","129","2886","2","2675","2020-05-31 13:46:45","1","2020-06-01 13:21:11","1",,"167"
"167","122","2020-05-31",,"31","866","3","1330","2","2020-07-31","1","29","PERIODOS: MAYO - JUNIO",,,,"7980","166","2886","2","2675","2020-05-31 14:13:23","1","2020-06-01 13:21:11",,,
"168","123","2020-06-25",,"31","594","3","1575","2","2020-08-25","1","29","PERIODOS: JUNIO - JULIO",,,,"9450","147","2951","2","2738","2020-06-22 19:03:23","1","2020-06-22 20:43:32",,,"186"
"169","124","2020-06-25",,"31","376","3","1575","2","2020-08-25","1","29","PERIODOS: JUNIO - JULIO",,,,"9450","148","2952","2","2739","2020-06-22 19:05:23","1","2020-06-22 20:45:42","1",,"187"
"170","125","2020-06-25",,"31","347","3","1575","2","2020-08-25","1","29","PERIODOS: JUNIO - JULIO",,,,"9450","149","2955","2","2742","2020-06-22 19:05:26","1","2020-06-22 20:52:18",,,"188"
"171","126","2020-06-26",,"31","884","1","1575","2","2020-08-26","1","29","PERIODOS: JUNIO - JULIO",,,,"3150","153","2949","2","2736","2020-06-22 19:09:14","1","2020-06-22 20:39:05","1",,"189"
"172","127","2020-06-26",,"31","832","1","1575","2","2020-08-26","1","29","PERIODOS: JUNIO - JULIO",,,,"3150","152","2943","2","2730","2020-06-22 20:14:58","1","2020-06-22 20:23:25",,,"192"
"173","128","2020-07-03",,"13","886","1","2462.5","2","2020-09-03","1","29","PERIODOS: JULIO - AGOSTO",,,,"4925","163",,,,"2020-06-22 20:15:01","1","2020-06-22 20:57:26","1",,"163"
"174","129","2020-07-05",,"31","958","1","1575","2","2020-09-05","1","29","PERIODOS: JULIO - AGOSTO",,,,"3150","163","217","2","30","2020-06-22 20:15:04","1","2020-06-22 21:14:00","1",,"197"
"175","130","2020-07-03",,"31","886","1","1575","2","2020-09-03","1","29","PERIODOS: JULIO - AGOSTO",,,,"3150","163","2958","2","2745","2020-06-22 20:15:06","1","2020-06-22 21:01:36",,,"163"
"176","131","2020-07-01",,"31","784","2","1575","2","2020-09-01","1","29","PERIODOS: JULIO - AGOSTO",,,,"6300","162","2946","2","2733","2020-06-22 20:15:15","1","2020-06-22 20:32:21","1",,"198"
"177","132","2020-06-26",,"31","853","1","1575","2","2020-08-26","1","29","PERIODOS: JUNIO - JULIO",,,,"3150","151","2947","2","2734","2020-06-22 20:15:19","1","2020-06-22 20:34:37",,,"190"
"178","133","2020-06-26",,"31","889","1","1575","2","2020-08-26","1","29","PERIODOS: JUNIO - JULIO",,,,"3150","150","2944","2","2731","2020-06-22 20:15:22","1","2020-06-22 20:25:32",,,"191"
"179","134","2020-06-29",,"31","849","1","1575","2","2020-08-29","1","29","PERIODOS: JUNIO - JULIO",,,,"3150","159","2953","2","2740","2020-06-22 20:15:31","1","2020-06-22 20:47:53",,,"208"
"180","135","2020-06-29",,"31","862","1","1575","2","2020-08-29","1","29","PERIODOS: JUNIO - JULIO",,,,"3150","158","2954","2","2741","2020-06-22 20:15:35","1","2020-06-22 20:49:33",,,"210"
"181","136","2020-06-29",,"31","890","2","1575","2","2020-08-29","1","29","PERIODOS: JUNIO - JULIO",,,,"6300","161","2945","2","2732","2020-06-22 20:15:39","1","2020-06-22 20:28:54",,,"209"
"182","137","2020-06-29",,"31","861","1","1575","2","2020-08-29","1","29","PERIODOS: JUNIO - JULIO",,,,"3150","157","2956","2","2743","2020-06-22 20:15:44","1","2020-06-22 20:54:42",,,"206"
"183","138","2020-06-29",,"31","876","1","1575","2","2020-08-29","1","29","PERIODOS: JUNIO - JULIO",,,,"3150","156","2948","2","2735","2020-06-22 20:15:49","1","2020-06-22 20:37:06",,,"211"
"184","139","2020-06-29",,"31","877","1","1575","2","2020-08-29","1","29","PERIODOS: JUNIO - JULIO",,,,"3150","155","2957","2","2744","2020-06-22 20:15:54","1","2020-06-22 20:56:59",,,"193"
"185","140","2020-06-29",,"31","864","1","1575","2","2020-08-29","1","29","PERIODOS: JUNIO - JULIO",,,,"3150","154","2950","2","2737","2020-06-22 20:16:00","1","2020-06-22 20:41:03",,,"207"
"186","141","2020-08-26",,"31","594","3","25","2","2020-10-26","1","29","PERIODOS: AGOSTO - SEPTIEMBRE",,,,"150","168","3095","2","2876","2020-08-25 11:36:38","1","2020-08-25 18:05:46","1",,"199"
"187","142","2020-08-26",,"31","376","3","25","2","2020-10-26","1","29","PERIODOS: AGOSTO - SEPTIEMBRE",,,,"150","169","3096","2","2877","2020-08-25 11:36:41","1","2020-08-25 18:07:39","1",,"200"
"188","143","2020-08-26",,"31","347","3","25","2","2020-10-26","1","29","PERIODOS: AGOSTO - SEPTIEMBRE",,,,"150","170","3094","2","2875","2020-08-25 11:36:46","1","2020-08-25 18:03:08","1",,"201"
"189","144","2020-08-27",,"31","884","1","25","2","2020-10-27","1","29","PERIODOS: AGOSTO - SEPTIEMBRE",,,,"50","171","3102","2","2883","2020-08-26 13:11:05","1","2020-08-27 14:01:54",,,"202"
"190","145","2020-08-27",,"31","853","1","25","2","2020-10-27","1","29","PERIODOS: AGOSTO - SEPTIEMBRE",,,,"50","177","3101","2","2882","2020-08-26 13:11:09","1","2020-08-27 14:00:08",,,"203"
"191","146","2020-08-27",,"31","889","1","25","2","2020-10-27","1","29","PERIODOS: AGOSTO - SEPTIEMBRE",,,,"50","178","3100","2","2881","2020-08-26 13:11:13","1","2020-08-27 13:59:03",,,"204"
"192","147","2020-08-27",,"10","832","1","2462.5","2","2020-10-27","1","29","PERIODOS: AGOSTO - SEPTIEMBRE",,,,"4925","172",,,,"2020-08-26 13:11:30","1","2020-08-26 13:12:32","1",,
"193","148","2020-08-30",,"10","877","1","2462.5","2","2020-10-30","1","29","PERIODOS: AGOSTO - SEPTIEMBRE",,,,"4925","184",,,,"2020-08-26 13:35:00","1","2020-08-26 13:35:38","1",,
"194","149","2020-09-04",,"13","886","1","2462.5","2","2020-11-04","1","29","PERIODOS: SEPTIEMBRE - OCTUBRE",,,,"4925","175",,,,"2020-08-26 13:35:09","1","2020-08-26 14:28:49","1",,
"195","150","2020-09-13",,"10","964","1","2462.5","2","2020-11-13","1","29",,,,,"4925",,,,,"2020-09-02 16:09:33","1","2020-11-06 19:55:42","1","0","219"
"196","151","2020-09-18",,"10","968","1","2462.5","2","2020-11-18","1","29",,,,,"4925",,,,,"2020-09-02 17:39:05","1","2020-12-28 19:48:29","1","0","220"
"197","152","2020-09-06",,"13","958","1","2462.5","0","2020-09-06","1","29","PERIODOS: SEPTIEMBRE - OCTUBRE",,,,"0","174",,,,"2020-09-03 14:31:09","1","2020-09-04 14:17:15","1",,
"198","153","2020-08-30",,"31","784","2","25","2","2020-10-30","1","29",,,,,"100","176","3133","2","2902","2020-09-09 17:06:39","1","2020-09-09 17:10:51","1",,"205"
"199","154","2020-10-27",,"31","594","3","2062.5","2","2020-12-27","1","29","PERIODOS: OCTUBRE - NOVIEMBRE",,,,"12372.6","186","3221","2","2990","2020-10-18 14:42:09","1","2020-10-18 14:49:16",,,"232"
"200","155","2020-10-27",,"31","376","3","2062.5","2","2020-12-27","1","29","PERIODOS: OCTUBRE - NOVIEMBRE",,,,"12372.6","187","3222","2","2991","2020-10-18 14:42:39","1","2020-10-18 14:53:24",,,"229"
"201","156","2020-10-27",,"14","347","3","2462.5","2","2020-12-27","1","29","PERIODOS: OCTUBRE - NOVIEMBRE",,,,"14773.4","188","3223","2","2992","2020-10-18 14:43:01","1","2021-01-21 00:09:12",,,
"202","157","2020-10-28",,"31","884","1","2062.5","2","2020-12-28","1","29","PERIODOS: OCTUBRE - NOVIEMBRE",,,,"4125","189","3224","2","2993","2020-10-18 14:43:06","1","2020-10-18 14:58:20",,,"221"
"203","158","2020-10-28",,"31","853","1","2062.5","2","2020-12-28","1","29","PERIODOS: OCTUBRE - NOVIEMBRE",,,,"4125","190","3225","2","2994","2020-10-18 14:43:12","1","2020-10-18 15:00:12",,,"222"
"204","159","2020-10-28",,"31","889","1","2062.5","2","2020-12-28","1","29","PERIODOS: OCTUBRE - NOVIEMBRE",,,,"4125","191","3226","2","2995","2020-10-18 14:43:20","1","2020-10-18 15:02:01",,,"223"
"205","160","2020-10-31",,"31","784","2","2087.5","2","2020-12-31","1","29","PERIODOS: OCTUBRE - NOVIEMBRE",,,,"8351","198","3267","2","3036","2020-10-29 09:59:27","1","2020-11-06 19:53:57","1","0","233"
"206","161","2020-08-30",,"31","861","1","1950","2","2020-10-30","1","29","PERIODOS: AGOSTO - SEPTIEMBRE (ITALO)",,,,"3900","182","3256","2","3025",,,"2020-11-06 19:17:18",,,"212"
"207","162","2020-08-30",,"31","864","1","1950","2","2020-10-30","1","29","PERIODOS: AGOSTO - SEPTIEMBRE (ITALO)",,,,"3900","185","3258","2","3027",,,"2020-11-06 19:21:06",,,"213"
"208","163","2020-08-30",,"31","849","1","1950","2","2020-10-30","1","29","PERIODOS: AGOSTO - SEPTIEMBRE (ITALO)",,,,"3900","179","3259","2","3028",,,"2020-11-06 19:22:42",,,"214"
"209","164","2020-08-30",,"31","890","2","1950","2","2020-10-30","1","29","PERIODOS: AGOSTO - SEPTIEMBRE (ITALO)",,,,"7800","181","3255","2","3024",,,"2020-11-06 19:14:45","1","0","215"
"210","165","2020-08-30",,"31","862","1","1950","2","2020-10-30","1","29","PERIODOS: AGOSTO - SEPTIEMBRE (ITALO)",,,,"3900","180","3260","2","3029",,,"2020-11-06 19:24:10",,,"216"
"211","166","2020-08-30",,"31","876","2","1950","2","2020-10-30","1","29","PERIODOS: AGOSTO - SEPTIEMBRE (ITALO)",,,,"3900","183","3257","2","3026",,,"2020-11-06 19:19:34","1","0","217"
"212","167","2020-10-31",,"31","861","1","2087.5","2","2020-12-31","1","29","PERIODOS: OCTUBRE - NOVIEMBRE",,,,"4175","206","3262","2","3031","2020-11-06 18:44:53","1","2020-11-06 19:45:08","1","0","228"
"213","168","2020-10-31",,"31","864","1","2087.5","2","2020-12-31","1","29","PERIODOS: OCTUBRE - NOVIEMBRE",,,,"4175","207","3264","2","3033","2020-11-06 18:44:57","1","2020-11-06 19:48:16","1","0","234"
"214","169","2020-10-31",,"31","849","1","2087.5","2","2020-12-31","1","29","PERIODOS: OCTUBRE - NOVIEMBRE",,,,"4175","208","3265","2","3034","2020-11-06 18:45:02","1","2020-11-06 19:49:41","1","0","227"
"215","170","2020-10-31",,"31","890","2","2087.5","2","2020-12-31","1","29","PERIODOS: OCTUBRE - NOVIEMBRE",,,,"8350","209","3261","2","3030","2020-11-06 18:45:06","1","2020-11-06 19:42:28","1","0","226"
"216","171","2020-10-31",,"31","862","1","2087.5","2","2020-12-31","1","29","PERIODOS: OCTUBRE - NOVIEMBRE",,,,"4175","210","3266","2","3035","2020-11-06 18:45:11","1","2020-11-06 19:51:15","1","0","225"
"217","172","2020-10-31",,"31","876","1","2087.5","2","2020-12-31","1","29","PERIODOS: OCTUBRE - NOVIEMBRE",,,,"4175","211","3263","2","3032","2020-11-06 19:10:31","1","2020-11-06 19:46:40","1","0","224"
"218","173","2020-11-14",,"31","964","1","2087.5","2","2021-01-14","1","29","PERIODOS: NOVIEMBRE - DICIEMBRE",,,,"4175","195","3268","2","3037","2020-11-06 19:32:01","1","2020-11-06 19:57:50",,,"245"
"219","174","2020-11-14",,"10","964","1","2462.5","2","2021-01-14","1","29","PERIODOS: NOVIEMBRE - DICIEMBRE",,,,"4925","195",,,,"2020-11-06 19:32:05","1","2020-11-06 19:35:10","1","0",
"220","175","2020-11-19",,"31","968","1","2087.5","2","2021-01-19","1","29","PERIODOS: NOVIEMBRE - DICIEMBRE",,,,"4175","196","3334","2","3103","2020-12-09 07:33:54","1","2020-12-09 14:57:31",,,"246"
"221","176","2020-12-29",,"31","884","1","2218.75","2","2021-02-28","1","29","PERIODOS: DICIEMBRE - ENERO",,,,"4437.5","202","3398","2","3167","2020-12-28 15:00:44","1","2020-12-28 19:13:10",,,"235"
"222","177","2020-12-29",,"31","853","1","2218.75","2","2021-02-28","1","29","PERIODOS: DICIEMBRE - ENERO",,,,"4437.5","203","3396","2","3165","2020-12-28 15:00:48","1","2020-12-28 19:08:35",,,"236"
"223","178","2020-12-29",,"31","889","1","2218.75","2","2021-02-28","1","29","PERIODOS: DICIEMBRE - ENERO",,,,"4437.5","204","3394","2","3163","2020-12-28 15:00:53","1","2020-12-28 18:59:41",,,"237"
"224","7","2021-01-01",,"31","876","1","2218.75","2","2021-03-01","1","29","PERIODOS: ENERO - FEBRERO",,,,"4437.5","217","3397","2","3166","2020-12-28 15:00:59","1","2020-12-28 19:11:05",,,"242"
"225","3","2021-01-01",,"31","862","1","2218.75","2","2021-03-01","1","29","PERIODOS: ENERO - FEBRERO",,,,"4437.5","216","3400","2","3169","2020-12-28 15:01:03","1","2020-12-28 19:29:53",,,"241"
"226","6","2021-01-01",,"31","890","2","2218.75","2","2021-03-01","1","29","PERIODOS: ENERO - FEBRERO",,,,"8875","215","3395","2","3164","2020-12-28 15:01:10","1","2020-12-28 19:02:49","1","0","244"
"227","5","2021-01-01",,"31","849","1","2218.75","2","2021-03-01","1","29","PERIODOS: ENERO - FEBRERO",,,,"4437.5","214","3399","2","3168","2020-12-28 15:01:50","1","2020-12-28 19:17:05",,,"243"
"228","4","2021-01-01",,"13","861","1","2462.5","2","2021-03-01","1","29","PERIODOS: ENERO - FEBRERO",,,,"4925","212",,,,"2020-12-28 15:01:56","1","2021-01-20 16:43:35","1","0",
"229","178","2020-12-28",,"31","376","3","2218.75","2","2021-02-28","1","29",,,,,"13609.78","200","3442","2","3211","2021-01-20 16:26:29","1","2021-01-20 16:53:09","1","0","240"
"230","180","2020-12-28",,"31","347","3","2218.75","2","2021-02-28","1","29",,,,,"13609.78",,"3441","2","3210","2021-01-20 16:28:20","1","2021-01-20 16:51:07","1","0","239"
"231","8","2021-01-20",,"31","991","1","2281.75","2","2021-03-20","1","29",,,,,"4563.5",,"3443","2","3212","2021-01-20 16:54:53","1","2021-01-20 16:56:30","1","0","247"
"232","181","2020-12-28",,"31","594","3","2218.75","2","2021-02-28","1","29","PERIODOS: DICIEMBRE - ENERO",,,,"13312.5","199","3450","2","3219","2021-01-21 18:02:27","1","2021-01-25 18:24:08","1","0","238"
"233","1","2021-01-01",,"10","784","2","2462.5","2","2021-03-01","1","29","PERIODOS: ENERO - FEBRERO",,,,"9685.06","205",,,,"2021-01-21 18:02:54","1","2021-01-25 17:59:03","1","0",
"234","2","2021-01-01",,"10","864","1","2462.5","2","2021-03-01","1","29","PERIODOS: ENERO - FEBRERO",,,,"4925","213",,,,"2021-01-21 18:03:01","1","2021-01-25 17:58:55","1","0",
"235","9","2021-03-01",,"31","884","1","2362.5","2","2021-05-01","1","29","PERIODOS: MARZO - ABRIL",,,,"4725","221","3536","2","3305","2021-02-28 12:09:09","1","2021-03-01 14:31:11",,,"253"
"236","10","2021-03-01",,"31","853","1","2362.5","2","2021-05-01","1","29","PERIODOS: MARZO - ABRIL",,,,"4725","222","3534","2","3303","2021-02-28 12:09:14","1","2021-03-01 14:25:28",,,"257"
"237","11","2021-03-01",,"31","889","1","2362.5","2","2021-05-01","1","29","PERIODOS: MARZO - ABRIL",,,,"4725","223","3533","2","3302","2021-02-28 12:09:19","1","2021-03-01 14:23:47",,,"248"
"238","12","2021-03-01",,"31","594","3","2362.5","2","2021-05-01","1","29","PERIODOS: MARZO - ABRIL",,,,"14175","232","3540","2","3309","2021-02-28 12:09:28","1","2021-03-01 14:37:45","1","0","249"
"239","13","2021-03-01",,"31","347","3","2362.5","2","2021-05-01","1","29","PERIODOS: MARZO - ABRIL",,,,"14175","230","3539","2","3308","2021-02-28 12:09:33","1","2021-03-01 14:35:55","1","0","250"
"240","14","2021-03-01",,"31","376","3","2362.5","2","2021-05-01","1","29","PERIODOS: MARZO - ABRIL",,,,"14175","229","3541","2","3310","2021-02-28 12:09:37","1","2021-03-01 14:39:35","1","0","251"
"241","15","2021-03-02",,"31","862","1","2362.5","2","2021-05-02","1","29","PERIODOS: MARZO - ABRIL",,,,"4725","225","3538","2","3307","2021-02-28 12:09:46","1","2021-03-01 14:34:00",,,"252"
"242","16","2021-03-02",,"31","876","1","2362.5","2","2021-05-02","1","29","PERIODOS: MARZO - ABRIL",,,,"4725","224","3535","2","3304","2021-02-28 12:09:52","1","2021-03-01 14:28:53",,,"256"
"243","17","2021-03-02",,"31","849","1","2362.5","2","2021-05-02","1","29","PERIODOS: MARZO - ABRIL",,,,"4725","227","3537","2","3306","2021-02-28 12:09:59","1","2021-03-01 14:32:34",,,"254"
"244","18","2021-03-02",,"10","890","2","2462.5","2","2021-05-02","1","29","PERIODOS: MARZO - ABRIL",,,,"9849.2","226",,,,"2021-02-28 12:10:11","1","2021-02-28 12:10:38","1","0",
"245","19","2021-01-15",,"10","964","1","2462.5","2","2021-03-15","1","29","PERIODOS: ENERO - FEBRERO",,,,"4925","218",,,,"2021-02-28 12:11:14","1","2021-02-28 12:12:07","1","0",
"246","20","2021-01-20",,"10","968","1","2462.5","2","2021-03-20","1","29","PERIODOS: ENERO - FEBRERO",,,,"4925","220",,,,"2021-02-28 12:11:18","1","2021-02-28 12:12:16","1","0",
"247","21","2021-03-21",,"31","991","1","2412.5","2","2021-05-21","1","29","PERIODOS: MARZO - ABRIL",,,,"4825","231","3602","2","3371","2021-03-25 12:18:45","1","2021-03-25 12:27:26",,,"255"
"248","22","2021-05-02",,"31","889","1","2462.5","2","2021-07-02","1","29","PERIODOS: MAYO - JUNIO",,,,"4925","237","3683","2","3452","2021-05-03 12:27:42","1","2021-05-11 14:08:08","1","0","258"
"249","23","2021-05-02",,"31","594","3","2462.5","2","2021-07-02","1","29","PERIODOS: MAYO - JUNIO",,,,"14775","238","3686","2","3455","2021-05-03 12:27:51","1","2021-05-11 14:13:28","1","0","259"
"250","24","2021-05-02",,"31","347","3","2462.5","2","2021-07-02","1","29","PERIODOS: MAYO - JUNIO",,,,"14775","239","3685","2","3454","2021-05-03 12:27:57","1","2021-05-11 14:11:53","1","0","260"
"251","25","2021-05-02",,"31","376","3","2462.5","2","2021-07-02","1","29","PERIODOS: MAYO - JUNIO",,,,"14775","240","3687","2","3456","2021-05-03 12:28:03","1","2021-05-11 14:15:13","1","0","261"
"252","26","2021-05-03",,"31","862","1","2462.5","2","2021-07-03","1","29","PERIODOS: MAYO - JUNIO",,,,"4925","241","3684","2","3453","2021-05-03 12:28:11","1","2021-05-11 14:09:38","1","0","262"
"253","27","2021-05-02",,"10","884","1","2362.5","2","2021-07-02","1","29","PERIODOS: MAYO - JUNIO",,,,"4725","235",,,,"2021-05-11 08:18:23","1","2021-05-11 08:18:47","1","0",
"254","28","2021-05-03",,"10","849","1","2362.5","2","2021-07-03","1","29","PERIODOS: MAYO - JUNIO",,,,"4725","243",,,,"2021-05-16 23:13:23","1","2021-05-16 23:13:38","1","0",
"255","29","2021-05-22",,"31","991","1","2487.5","2","2021-07-22","1","29","PERIODOS: MAYO - JUNIO",,,,"4975","247","3750","2","3519","2021-05-26 19:59:18","1","2021-05-26 20:22:47",,,"263"
"256","30","2021-05-03",,"10","876","1","2362.5","2","2021-07-03","1","29","PERIODOS: MAYO - JUNIO",,,,"4725","242",,,,"2021-06-01 09:30:50","1","2021-06-01 09:31:04","1","0",
"257","31","2021-05-02",,"31","853","1","2487.5","6","2021-11-02","1","29","PERIODOS: MAYO - JUNIO",,,,"14925","236","3760","2","3529","2021-06-01 15:33:55","1","2021-06-01 15:40:42","1","0","270"
"258","32","2021-07-03",,"31","889","1","2500","2","2021-09-03","1","29","PERIODOS: JULIO - AGOSTO",,,,"5000","248","3805","2","3574","2021-07-01 13:23:19","1","2021-07-01 14:54:59",,,"264"
"259","33","2021-07-03",,"31","594","3","2500","2","2021-09-03","1","29","PERIODOS: JULIO - AGOSTO",,,,"15000","249","3808","2","3577","2021-07-01 13:23:22","1","2021-07-01 15:00:23","1","0","265"
"260","34","2021-07-03",,"31","347","3","2500","2","2021-09-03","1","29","PERIODOS: JULIO - AGOSTO",,,,"15000","250","3807","2","3576","2021-07-01 13:23:27","1","2021-07-01 14:58:49","1","0","266"
"261","35","2021-07-03",,"31","376","3","2500","2","2021-09-03","1","29","PERIODOS: JULIO - AGOSTO",,,,"15000","251","3809","2","3578","2021-07-01 13:23:31","1","2021-07-01 15:02:06","1","0","267"
"262","36","2021-07-04",,"31","862","1","2500","2","2021-09-04","1","29","PERIODOS: JULIO - AGOSTO",,,,"5000","252","3806","2","3575","2021-07-01 13:23:34","1","2021-07-01 14:56:25",,,"268"
"263","37","2021-07-22",,"31","991","1","2537.5","2","2021-09-22","1","29","PERIODOS: JULIO - AGOSTO",,,,"5075","255","3864","2","3633","2021-07-30 08:16:08","1","2021-08-02 09:15:49",,,"269"
"264","38","2021-09-03",,"31","889","1","2550","2","2021-11-03","1","29","PERIODOS: SEPTIEMBRE - OCTUBRE",,,,"5100","258","3948","2","3717","2021-09-02 14:07:31","1","2021-09-02 15:36:58",,,"271"
"265","39","2021-09-03",,"31","594","3","2550","2","2021-11-03","1","29","PERIODOS: SEPTIEMBRE - OCTUBRE",,,,"15300","259","3951","2","3720","2021-09-02 14:07:34","1","2021-09-02 15:41:36",,,"272"
"266","40","2021-09-03",,"31","347","3","2550","2","2021-11-03","1","29","PERIODOS: SEPTIEMBRE - OCTUBRE",,,,"15300","260","3950","2","3719","2021-09-02 14:07:37","1","2021-09-02 15:40:14",,,"273"
"267","41","2021-09-03",,"31","376","3","2550","2","2021-11-03","1","29","PERIODOS: SEPTIEMBRE - OCTUBRE",,,,"15300","261","3952","2","3721","2021-09-02 14:07:40","1","2021-09-02 15:42:58",,,"274"
"268","42","2021-09-04",,"31","862","1","2550","2","2021-11-04","1","29","PERIODOS: SEPTIEMBRE - OCTUBRE",,,,"5100","262","3949","2","3718","2021-09-02 14:07:44","1","2021-09-02 15:38:25",,,"275"
"269","43","2021-09-22",,"31","991","1","2650","2","2021-11-22","1","29","PERIODOS: SEPTIEMBRE - OCTUBRE",,,,"5300","263","4005","2","3774","2021-10-06 15:22:19","1","2021-10-06 19:19:57",,,"276"
"270","44","2021-11-02",,"31","853","1","2625","6","2022-05-02","1","29","PERIODOS: NOVIEMBRE - DICIEMBRE - ENERO - FEBRERO - MARZO - ABRIL",,,,"15750","257","4063","5","10","2021-11-01 13:18:50","1","2021-11-01 14:01:26","1","0","289"
"271","45","2021-11-03",,"31","889","1","2625","2","2022-01-03","1","29","PERIODOS: NOVIEMBRE - DICIEMBRE",,,,"5250","264","4062","5","9","2021-11-01 13:19:00","1","2021-11-01 13:58:39",,,"277"
"272","46","2021-11-03",,"31","594","3","2625","2","2022-01-03","1","29","PERIODOS: NOVIEMBRE - DICIEMBRE",,,,"15750","265","4065","5","12","2021-11-01 13:19:03","1","2021-11-01 14:06:01",,,"278"
"273","47","2021-11-03",,"31","347","3","2625","2","2022-01-03","1","29","PERIODOS: NOVIEMBRE - DICIEMBRE",,,,"15750","266","4064","5","11","2021-11-01 13:19:06","1","2021-11-01 14:03:31",,,"279"
"274","48","2021-11-03",,"31","376","3","2625","2","2022-01-03","1","29","PERIODOS: NOVIEMBRE - DICIEMBRE",,,,"15750","267","4066","5","13","2021-11-01 13:19:10","1","2021-11-01 14:07:51",,,"280"
"275","49","2021-11-04",,"31","862","1","2625","2","2022-01-04","1","29","PERIODOS: NOVIEMBRE - DICIEMBRE",,,,"5250","268","4067","5","14","2021-11-01 13:19:13","1","2021-11-01 14:09:43",,,"281"
"276","50","2021-11-22",,"31","991","1","2637.5","2","2022-01-22","1","29","PERIODOS: NOVIEMBRE - DICIEMBRE",,,,"5275","269","4142","5","57","2021-11-19 14:36:05","1","2021-11-19 16:28:59",,,"282"
"277","1","2022-01-03",,"31","889","1","2693.75","2","2022-03-03","1","29","PERIODOS: ENERO - FEBRERO",,,,"5387.5","271","4210","2","3887","2021-12-29 12:51:02","1","2021-12-29 13:04:35",,,"286"
"278","2","2022-01-03",,"31","594","3","2693.75","2","2022-03-03","1","29","PERIODOS: ENERO - FEBRERO",,,,"16162.5","272","4209","5","92","2021-12-29 12:51:07","1","2021-12-29 13:01:46","1","0","287"
"279","3","2022-01-03",,"31","347","3","2693.75","2","2022-03-03","1","29","PERIODOS: ENERO - FEBRERO",,,,"16162.5","273","4211","2","3888","2021-12-29 12:51:13","1","2021-12-29 13:06:58","1","0","283"
"280","4","2022-01-03",,"31","376","3","2693.75","2","2022-03-03","1","29","PERIODOS: ENERO - FEBRERO",,,,"16162.5","274","4212","2","3889","2021-12-29 12:51:19","1","2021-12-29 13:09:10","1","0","284"
"281","5","2022-01-04",,"31","862","1","2693.75","2","2022-03-04","1","29","PERIODOS: ENERO - FEBRERO",,,,"5387.5","275","4213","2","3890","2021-12-29 12:51:25","1","2021-12-29 13:10:59",,,"285"
"282","6","2022-01-22",,"31","991","1","2725","2","2022-03-22","1","29","PERIODOS: ENERO - FEBRERO",,,,"5450","276","4269","2","3932","2022-01-21 14:45:57","1","2022-01-21 14:49:51","1","0","288"
"283","7","2022-03-03",,"31","347","3","2800","2","2022-05-03","1","29","PERIODOS: MARZO - ABRIL",,,,"16800","279","4375","2","4008","2022-03-02 18:49:35","1","2022-03-02 20:34:05","1","0","290"
"284","8","2022-03-03",,"31","376","3","2800","2","2022-05-03","1","29","PERIODOS: MARZO - ABRIL",,,,"16800","280","4376","2","4009","2022-03-02 18:49:40","1","2022-03-02 20:36:11","1","0","291"
"285","9","2022-03-04",,"31","862","1","2800","2","2022-05-04","1","29","PERIODOS: MARZO - ABRIL",,,,"5600","281","4377","2","4010","2022-03-02 18:49:44","1","2022-03-02 20:37:55",,,"294"
"286","10","2022-03-03",,"31","889","1","2800","2","2022-05-03","1","29","PERIODOS: MARZO - ABRIL",,,,"5600","277","4374","2","4007","2022-03-02 20:28:21","1","2022-03-02 20:31:46",,,"292"
"287","11","2022-03-03",,"31","594","3","2800","2","2022-05-03","1","29","PERIODOS: MARZO - ABRIL",,,,"16800","278","4378","5","135","2022-03-02 20:28:24","1","2022-03-02 20:39:58","1","0","293"
"288","12","2022-03-22",,"31","991","1","3457.5","2","2022-05-22","1","29","PERIODOS: MARZO - ABRIL",,,,"6915","282","4439","2","4061","2022-03-28 18:15:49","1","2022-04-04 13:47:41",,,"295"
"289","13","2022-05-02",,"31","853","1","3630","6","2022-11-02","1","29","PERIODOS: MAYO - JUNIO - JULIO - AGOSTO - SEPTIEMBRE - OCTUBRE",,,,"21780","270","4499","5","153","2022-05-10 12:03:30","1","2022-05-13 19:13:25",,,"313"
"290","14","2022-05-03",,"31","347","3","3630","2","2022-07-03","1","29","PERIODOS: MAYO - JUNIO",,,,"21780","283","4497","2","4112","2022-05-10 12:03:36","1","2022-05-13 19:06:36",,,"296"
"291","15","2022-05-03",,"31","376","3","3630","2","2022-07-03","1","29","PERIODOS: MAYO - JUNIO",,,,"21780","284","4498","2","4113","2022-05-10 12:03:39","1","2022-05-13 19:08:27",,,"297"
"292","16","2022-05-03",,"31","889","1","3630","2","2022-07-03","1","29","PERIODOS: MAYO - JUNIO",,,,"7260","286","4495","2","4110","2022-05-10 12:03:43","1","2022-05-13 19:01:39",,,"298"
"293","17","2022-05-03",,"31","594","3","3630","2","2022-07-03","1","29","PERIODOS: MAYO - JUNIO",,,,"21780","287","4500","5","154","2022-05-10 12:03:46","1","2022-05-13 19:15:22",,,"299"
"294","18","2022-05-04",,"31","862","1","3630","2","2022-07-04","1","29","PERIODOS: MAYO - JUNIO",,,,"7260","285","4496","2","4111","2022-05-10 12:03:51","1","2022-05-13 19:03:53",,,"300"
"295","19","2022-05-22",,"31","991","1","3930","2","2022-07-22","1","29","PERIODOS: MAYO - JUNIO",,,,"7860","288","4668","2","4238","2022-05-23 09:58:26","1","2022-07-04 18:31:41",,,"301"
"296","20","2022-07-03",,"31","347","3","3930","2","2022-09-03","1","29","PERIODOS: JULIO - AGOSTO",,,,"23842","290","4670","2","4240","2022-07-04 13:42:14","1","2022-07-04 18:35:50",,,"302"
"297","21","2022-07-03",,"31","376","3","3930","2","2022-09-03","1","29","PERIODOS: JULIO - AGOSTO",,,,"23842","291","4671","2","4241","2022-07-04 13:42:17","1","2022-07-04 18:38:34",,,"303"
"298","22","2022-07-03",,"31","889","1","3930","2","2022-09-03","1","29","PERIODOS: JULIO - AGOSTO",,,,"7860","292","4667","2","4237","2022-07-04 13:42:20","1","2022-07-04 18:29:53",,,"304"
"299","23","2022-07-03",,"31","594","3","3930","2","2022-09-03","1","29","PERIODOS: JULIO - AGOSTO",,,,"23842","293","4672","5","198","2022-07-04 13:42:23","1","2022-07-04 18:40:54",,,"305"
"300","24","2022-07-04",,"31","862","1","3930","2","2022-09-04","1","29","PERIODOS: JULIO - AGOSTO",,,,"7860","294","4669","2","4239","2022-07-04 13:42:26","1","2022-07-04 18:33:53",,,"306"
"301","25","2022-07-22",,"31","991","1","4080","2","2022-09-22","1","29","PERIODOS: JULIO - AGOSTO",,,,"8160","295","4719","2","4279","2022-08-01 16:41:38","1","2022-08-01 19:50:02",,,"307"
"302","26","2022-09-03",,"31","347","3","3930","2","2022-11-03","1","29","PERIODOS: SEPTIEMBRE - OCTUBRE","30","180","146","26280","296","4826","2","4359","2022-09-05 22:19:24","1","2022-09-05 22:32:23","1","0","308"
"303","27","2022-09-03",,"31","376","3","3930","2","2022-11-03","1","29","PERIODOS: SEPTIEMBRE - OCTUBRE","30","180","146","26280","297","4827","2","4360","2022-09-05 22:19:27","1","2022-09-05 22:34:53","1","0","309"
"304","28","2022-09-03",,"31","889","1","3930","2","2022-11-03","1","29","PERIODOS: SEPTIEMBRE - OCTUBRE","30","60","146","8760","298","4824","2","4357","2022-09-05 22:19:30","1","2022-09-05 22:28:46","1","0","310"
"305","29","2022-09-03",,"31","594","3","3930","2","2022-11-03","1","29","PERIODOS: SEPTIEMBRE - OCTUBRE","30","180","146","26280","299","4828","5","235","2022-09-05 22:19:34","1","2022-09-05 22:38:10","1","0","311"
"306","30","2022-09-04",,"31","862","1","3930","2","2022-11-04","1","29","PERIODOS: SEPTIEMBRE - OCTUBRE","30","60","146","8760","300","4825","2","4358","2022-09-05 22:19:39","1","2022-09-05 22:30:29","1","0","312"
"307","31","2022-09-22",,"31","991","1","4080","2","2022-11-22","1","29","PERIODOS: SEPTIEMBRE - OCTUBRE","30","60","151","9060","301","4882","2","4401","2022-09-26 14:27:14","1","2022-09-26 14:33:43","1","0","314"
"308","32","2022-11-03",,"31","347","3","3930","2","2023-01-03","1","29","PERIODOS: NOVIEMBRE - DICIEMBRE","30","180","164","29520","302","4970","2","4487","2022-11-08 18:48:16","1","2022-11-09 14:23:11","1","0","315"
"309","33","2022-11-03",,"31","376","3","3930","2","2023-01-03","1","29","PERIODOS: NOVIEMBRE - DICIEMBRE","30","180","164","29520","303","4971","2","4488","2022-11-08 18:48:27","1","2022-11-09 14:25:29","1","0","316"
"310","34","2022-11-03",,"31","889","1","3930","2","2023-01-03","1","29","PERIODOS: NOVIEMBRE - DICIEMBRE","30","60","164","9840","304","4969","2","4486","2022-11-08 18:48:32","1","2022-11-09 14:18:32","1","0","317"
"311","35","2022-11-03",,"31","594","3","3930","2","2023-01-03","1","29","PERIODOS: NOVIEMBRE - DICIEMBRE","30","180","164","29520","305","4978","5","254","2022-11-08 18:48:36","1","2022-11-10 20:46:07","1","0","318"
"312","36","2022-11-04",,"31","862","1","3930","2","2023-01-04","1","29","PERIODOS: NOVIEMBRE - DICIEMBRE","30","60","164.5","9870","306","4972","2","4489","2022-11-08 18:51:23","1","2022-11-09 14:27:32","1","0","319"
"313","37","2022-11-02",,"31","853","1","3630","6","2023-05-02","1","29","PERIODOS: NOVIEMBRE - DICIEMBRE - ENERO - FEBRERO - MARZO - ABRIL","30","180","163.5","29430","289","4977","5","253","2022-11-09 13:16:41","1","2022-11-10 20:44:08","1","0","327"
"314","38","2022-11-22",,"31","991","1","4080","2","2023-01-22","1","29","PERIODOS: NOVIEMBRE - DICIEMBRE","30","60","170.25","10215","307","5018","2","4525","2022-11-23 13:40:53","1","2022-11-23 13:47:01","1","0","320"
"315","1","2023-01-03",,"31","347","3","3930","2","2023-03-03","1","29","PERIODOS: ENERO - FEBRERO","30","180","185.75","33435","308","5133","2","4610","2023-01-04 23:11:38","1","2023-01-04 23:30:42","1","0","321"
"316","2","2023-01-03",,"31","376","3","3930","2","2023-03-03","1","29","PERIODOS: ENERO - FEBRERO","30","180","185.75","33435","309","5132","2","4609","2023-01-04 23:11:42","1","2023-01-04 23:28:34","1","0","322"
"317","3","2023-01-03",,"31","889","1","3930","2","2023-03-03","1","29","PERIODOS: ENERO - FEBRERO","30","60","185.75","11145","310","5130","2","4607","2023-01-04 23:11:46","1","2023-01-04 23:24:36","1","0","323"
"318","4","2023-01-03",,"31","594","3","3930","2","2023-03-03","1","29","PERIODOS: ENERO - FEBRERO","30","180","185.75","33435","311","5134","5","291","2023-01-04 23:11:50","1","2023-01-04 23:33:01","1","0","324"
"319","5","2023-01-04",,"31","862","1","3930","2","2023-03-04","1","29","PERIODOS: ENERO - FEBRERO","30","60","185.75","11145","312","5131","2","4608","2023-01-04 23:11:53","1","2023-01-04 23:26:41","1","0","325"
"320","6","2023-01-22",,"31","991","1","4080","2","2023-03-22","1","29","PERIODOS: ENERO - FEBRERO","30","60","191.25","11475","314","5181","2","4651","2023-01-26 16:59:16","1","2023-01-27 17:27:49","1","0","326"
"321","7","2023-03-03",,"31","347","3","3930","2","2023-05-03","1","29","PERIODOS: MARZO - ABRIL","30","180","205.5","36990","315","5357","2","4804","2023-03-07 16:32:32","1","2023-03-28 17:28:24","1","0","328"
"322","8","2023-03-03",,"31","376","3","3930","2","2023-05-03","1","29","PERIODOS: MARZO - ABRIL","30","180","205.5","36990","316","5358","2","4805","2023-03-07 16:32:35","1","2023-03-28 17:30:16","1","0","329"
"323","9","2023-03-03",,"31","889","1","3930","2","2023-05-03","1","29","PERIODOS: MARZO - ABRIL","30","60","205.5","12330","317","5355","2","4802","2023-03-07 16:32:38","1","2023-03-28 17:24:32","1","0","330"
"324","10","2023-03-03",,"31","594","3","3930","2","2023-05-03","1","29","PERIODOS: MARZO - ABRIL","30","180","205.5","36990","318","5360","5","321","2023-03-07 16:32:41","1","2023-03-28 17:34:13","1","0","331"
"325","11","2023-03-04",,"31","862","1","3930","2","2023-05-04","1","29","PERIODOS: MARZO - ABRIL","30","60","205.5","12330","319","5359","2","4806","2023-03-07 16:32:44","1","2023-03-28 17:32:00","1","0","332"
"326","12","2023-03-22",,"31","991","1","4080","2","2023-05-22","1","29","PERIODOS: MARZO - ABRIL","30","60","212.25","12735","320","5356","2","4803","2023-03-28 17:20:40","1","2023-03-28 17:26:35","1","0","333"
"327","13","2023-05-02",,"31","853","1","3630","3","2023-08-02","1","29","PERIODOS: MAYO - JUNIO - JULIO - AGOSTO - SEPTIEMBRE - OCTUBRE","40","120","230.5","27660","313","5442","5","340","2023-05-03 17:26:07","1","2023-05-03 21:32:36","1","0","340"
"328","14","2023-05-03",,"31","347","3","3930","2","2023-07-03","1","29","PERIODOS: MAYO - JUNIO","30","180","232","41760","321","5440","2","4868","2023-05-03 17:26:10","1","2023-05-03 21:27:02","1","0","334"
"329","15","2023-05-03",,"31","376","3","3930","2","2023-07-03","1","29","PERIODOS: MAYO - JUNIO","30","180","232","41760","322","5441","2","4869","2023-05-03 17:26:14","1","2023-05-03 21:29:14","1","0","335"
"330","16","2023-05-03",,"31","889","1","3930","2","2023-07-03","1","29","PERIODOS: MAYO - JUNIO","30","60","232","13920","323","5439","2","4867","2023-05-03 17:26:16","1","2023-05-03 21:25:01","1","0","336"
"331","17","2023-05-03",,"31","594","3","3930","2","2023-07-03","1","29","PERIODOS: MAYO - JUNIO","30","180","232","41760","324","5443","5","341","2023-05-03 17:26:20","1","2023-05-03 21:35:44","1","0","337"
"332","18","2023-05-04",,"31","862","1","3930","2","2023-07-04","1","29","PERIODOS: MAYO - JUNIO","30","60","233","13980","325","5445","2","4870","2023-05-10 15:39:08","1","2023-05-10 18:28:38","1","0","338"
"333","19","2023-05-22",,"31","991","1","4080","2","2023-07-22","1","29","PERIODOS: MAYO - JUNIO","30","60","243.5","14610","326","5481","2","4897","2023-05-24 10:28:13","1","2023-05-28 10:20:20","1","0","339"
"334","20","2023-07-03",,"31","347","3","3930","2","2023-09-03","1","29","PERIODOS: JULIO - AGOSTO","30","180","270","48600","328","5636","2","5011","2023-07-14 20:31:03","1","2023-07-14 20:40:43","1","0","341"
"335","21","2023-07-03",,"31","376","3","3930","2","2023-09-03","1","29","PERIODOS: JULIO - AGOSTO","30","180","270","48600","329","5637","2","5012","2023-07-14 20:31:07","1","2023-07-14 20:42:40","1","0","342"
"336","22","2023-07-03",,"31","889","1","3930","2","2023-09-03","1","29","PERIODOS: JULIO - AGOSTO","30","60","270","16200","330","5634","2","5009","2023-07-14 20:31:09","1","2023-07-14 20:37:14","1","0","343"
"337","23","2023-07-03",,"31","594","3","3930","2","2023-09-03","1","29","PERIODOS: JULIO - AGOSTO","30","180","270","48600","331","5638","5","393","2023-07-14 20:31:13","1","2023-07-14 20:44:18","1","0","344"
"338","24","2023-07-04",,"31","862","1","3930","2","2023-09-04","1","29","PERIODOS: JULIO - AGOSTO","30","60","270.5","16230","332","5635","2","5010","2023-07-14 20:31:16","1","2023-07-14 20:39:00","1","0","345"
"339","25","2023-07-22",,"31","991","1","4080","2","2023-09-22","1","29","PERIODOS: JULIO - AGOSTO","30","60","283.5","17010","333","5659","2","5032","2023-07-24 20:27:10","1","2023-07-24 20:31:30","1","0","346"
"340","26","2023-08-02",,"10","853","1","3630","3","2023-11-02","1","29","PERIODOS: AGOSTO - SEPTIEMBRE - OCTUBRE","40","120","230.5","27660","327",,,,"2023-08-03 19:12:54","1","2023-08-03 19:13:13","1","0",
"341","27","2023-09-03",,"31","347","3","3930","2","2023-11-03","1","29","PERIODOS: SEPTIEMBRE - OCTUBRE","30","180","365.5","65790","334","5752","2","5082","2023-08-31 12:18:22","1","2023-09-02 14:55:55","1","0","347"
"342","28","2023-09-03",,"31","376","3","3930","2","2023-11-03","1","29","PERIODOS: SEPTIEMBRE - OCTUBRE","30","180","365.5","65790","335","5753","2","5083","2023-08-31 12:18:25","1","2023-09-02 14:58:16","1","0","348"
"343","29","2023-09-03",,"31","889","1","3930","2","2023-11-03","1","29","PERIODOS: SEPTIEMBRE - OCTUBRE","30","60","365.5","21930","336","5754","2","5084","2023-08-31 12:18:28","1","2023-09-02 15:00:24","1","0","349"
"344","30","2023-09-03",,"31","594","3","3930","2","2023-11-03","1","29","PERIODOS: SEPTIEMBRE - OCTUBRE","30","180","365.5","65790","337","5751","5","437","2023-08-31 12:18:32","1","2023-09-02 14:26:11","1","0","350"
"345","31","2023-09-04",,"31","862","1","3930","2","2023-11-04","1","29","PERIODOS: SEPTIEMBRE - OCTUBRE","30","60","365.5","21930","338","5755","2","5085","2023-08-31 12:18:39","1","2023-09-02 15:03:01","1","0","351"
"346","32","2023-09-22",,"31","991","1","4080","2","2023-11-22","1","29","PERIODOS: SEPTIEMBRE - OCTUBRE","30","60","365.5","21930","339","5831","2","5150","2023-09-20 16:53:52","1","2023-09-20 16:57:07","1","0","352"
"347","33","2023-11-03",,"31","347","3","3930","2","2024-01-03","1","29","PERIODOS: NOVIEMBRE - DICIEMBRE","30","180","365.5","65790","341","5910","2","5204","2023-11-06 14:26:04","1","2023-11-07 21:18:51",,,"357"
"348","34","2023-11-03",,"31","376","3","3930","2","2024-01-03","1","29","PERIODOS: NOVIEMBRE - DICIEMBRE","30","180","365.5","65790","342","5911","2","5205","2023-11-06 14:26:08","1","2023-11-07 21:20:38",,,"358"
"349","35","2023-11-03",,"31","889","1","3930","2","2024-01-03","1","29","PERIODOS: NOVIEMBRE - DICIEMBRE","30","60","365.5","21930","343","5909","2","5203","2023-11-06 14:26:11","1","2023-11-07 21:17:00",,,"359"
"350","36","2023-11-03",,"31","594","3","3930","2","2024-01-03","1","29","PERIODOS: NOVIEMBRE - DICIEMBRE","30","180","365.5","65790","344","5902","5","471","2023-11-06 14:26:14","1","2023-11-07 20:55:20",,,"360"
"351","37","2023-11-04",,"31","862","1","3930","2","2024-01-04","1","29","PERIODOS: NOVIEMBRE - DICIEMBRE","30","60","365.5","21930","345","5912","2","5206","2023-11-06 14:26:19","1","2023-11-07 21:22:28",,,"361"
"352","38","2023-11-22",,"31","991","1","50","2","2024-01-22","1","29","PERIODOS: NOVIEMBRE - DICIEMBRE","40","80","372","29760","346","6030","2","5292","2023-11-21 18:39:45","1","2023-12-20 17:23:06","1","0","362"
"353","39","2023-12-20",,"13","504","1","50","1","2024-01-20","1","29",,"75","75","820","61500",,,,,"2023-12-20 11:53:30","1","2023-12-20 12:41:13","1","0",
"354","40","2023-12-20",,"13","269","1","50","1","2024-01-20","1","29",,"150","150","1000","150000",,,,,"2023-12-20 11:57:23","1","2023-12-20 12:40:56","1","0",
"355","41","2023-12-20",,"13","92","1","50","1","2024-01-20","1","29",,"100","100","850","85000",,,,,"2023-12-20 12:28:44","2","2023-12-20 12:40:47","1","0",
"356","42","2023-12-20",,"13","92","1","50","1","2024-01-20","1","29",,"100","100","850","85000",,,,,"2023-12-20 12:28:46","1","2023-12-20 12:29:02","1","0",
"357","1","2024-01-03",,"31","347","3","3930","2","2024-03-03","1","29","PERIODOS: ENERO - FEBRERO","30","180","831","149580","347","6035","2","5295","2024-01-04 08:11:12","1","2024-01-04 08:53:17","1","0","363"
"358","2","2024-01-03",,"31","376","3","3930","2","2024-03-03","1","29","PERIODOS: ENERO - FEBRERO","30","180","831","149580","348","6036","2","5296","2024-01-04 08:11:16","1","2024-01-04 08:55:34","1","0","364"
"359","3","2024-01-03",,"31","889","1","3930","2","2024-03-03","1","29","PERIODOS: ENERO - FEBRERO","30","60","831","49860","349","6033","2","5293","2024-01-04 08:11:19","1","2024-01-04 08:46:13","1","0","365"
"360","4","2024-01-03",,"31","594","3","3930","2","2024-03-03","1","29","PERIODOS: ENERO - FEBRERO","30","180","831","149580","350","6031","5","506","2024-01-04 08:11:23","1","2024-01-04 08:40:16","1","0","366"
"361","5","2024-01-04",,"31","862","1","3930","2","2024-03-04","1","29","PERIODOS: ENERO - FEBRERO","30","60","831","49860","351","6034","2","5294","2024-01-04 08:11:26","1","2024-01-04 08:48:40","1","0","367"
"362","6","2024-01-22",,"10","991","1","50","2","2024-03-22","1","29","PERIODOS: ENERO - FEBRERO","40","80","372","29760","352",,,,"2024-01-16 13:22:35","1","2024-01-16 13:22:54","1","0",
"363","7","2024-03-03",,"31","347","3","50","2","2024-05-03","1","29","PERIODOS: MARZO - ABRIL","30","180","863","155340","357","6251","2","5465","2024-03-03 09:58:52","1","2024-03-12 08:18:26","1","0","368"
"364","8","2024-03-03",,"31","376","3","50","2","2024-05-03","1","29","PERIODOS: MARZO - ABRIL","30","180","863","155340","358","6252","2","5466","2024-03-03 09:58:57","1","2024-03-12 08:21:10","1","0","369"
"365","9","2024-03-03",,"31","889","1","50","2","2024-05-03","1","29","PERIODOS: MARZO - ABRIL","30","60","863","51780","359","6249","2","5463","2024-03-03 09:59:03","1","2024-03-12 08:13:09","1","0","370"
"366","10","2024-03-03",,"31","594","3","50","2","2024-05-03","1","29","PERIODOS: MARZO - ABRIL","30","180","863","155340","360","6253","5","554","2024-03-03 09:59:08","1","2024-03-12 08:23:41","1","0","371"
"367","11","2024-03-04",,"31","862","1","50","2","2024-05-04","1","29","PERIODOS: MARZO - ABRIL","30","60","863","51780","361","6250","2","5464","2024-03-11 16:42:31","1","2024-03-12 08:15:23","1","0","372"
"368","12","2024-05-03",,"31","347","3","50","2","2024-07-03","1","29","PERIODOS: MAYO - JUNIO","30","180","876.5","157770","363","6345","2","5539","2024-04-30 08:51:58","102","2024-04-30 09:33:39","102","0","373"
"369","13","2024-05-03",,"31","376","3","50","2","2024-07-03","1","29","PERIODOS: MAYO - JUNIO","30","180","876.5","157770","364","6346","2","5540","2024-04-30 08:52:02","102","2024-04-30 09:40:46","102","0","374"
"370","14","2024-05-03",,"31","889","1","50","2","2024-07-03","1","29","PERIODOS: MAYO - JUNIO","30","60","876.5","52590","365","6344","2","5538","2024-04-30 08:52:05","102","2024-04-30 09:26:31","102","0","375"
"371","15","2024-05-03",,"31","594","3","50","2","2024-07-03","1","29","PERIODOS: MAYO - JUNIO","30","180","876.5","157770","366","6348","5","574","2024-04-30 08:52:08","102","2024-04-30 09:49:29","102","0","376"
"372","16","2024-05-04",,"31","862","1","50","2","2024-07-04","1","29","PERIODOS: MAYO - JUNIO","30","60","876.5","52590","367","6347","2","5541","2024-04-30 08:52:11","102","2024-04-30 09:45:32","102","0","377"
"373","17","2024-07-03",,"31","347","3","50","2","2024-09-03","1","29","PERIODOS: JULIO - AGOSTO","30","180","932.5","167850","368","6495","2","5651","2024-07-01 16:21:18","1","2024-07-01 16:39:39","1","0","378"
"374","18","2024-07-03",,"31","376","3","50","2","2024-09-03","1","29","PERIODOS: JULIO - AGOSTO","30","180","932.5","167850","369","6496","2","5652","2024-07-01 16:21:21","1","2024-07-01 16:41:56","1","0","379"
"375","19","2024-07-03",,"31","889","1","50","2","2024-09-03","1","29","PERIODOS: JULIO - AGOSTO","30","60","932.5","55950","370","6493","2","5649","2024-07-01 16:21:25","1","2024-07-01 16:33:27","1","0","380"
"376","20","2024-07-03",,"31","594","3","50","2","2024-09-03","1","29","PERIODOS: JULIO - AGOSTO","30","180","932.5","167850","371","6497","5","612","2024-07-01 16:21:28","1","2024-07-01 16:49:31","1","0","381"
"377","21","2024-07-04",,"31","862","1","50","2","2024-09-04","1","29","PERIODOS: JULIO - AGOSTO","30","60","932.5","55950","372","6494","2","5650","2024-07-01 16:21:30","1","2024-07-01 16:36:54","1","0","382"
"378","22","2024-09-03",,"31","347","3","50","2","2024-11-03","1","29","PERIODOS: SEPTIEMBRE - OCTUBRE","30","180","973","175140","373","6690","2","5795","2024-09-09 13:59:39","1","2024-09-09 15:16:49","1","0","383"
"379","23","2024-09-03",,"31","376","3","50","2","2024-11-03","1","29","PERIODOS: SEPTIEMBRE - OCTUBRE","30","180","973","175140","374","6691","2","5796","2024-09-09 13:59:42","1","2024-09-09 15:19:21","1","0","384"
"380","24","2024-09-03",,"31","889","1","50","2","2024-11-03","1","29","PERIODOS: SEPTIEMBRE - OCTUBRE","30","60","973","58380","375","6688","2","5793","2024-09-09 13:59:47","1","2024-09-09 15:11:20","1","0","385"
"381","25","2024-09-03",,"31","594","3","50","2","2024-11-03","1","29","PERIODOS: SEPTIEMBRE - OCTUBRE","30","180","973","175140","376","6692","2","5797","2024-09-09 13:59:50","1","2024-09-09 15:21:11","1","0","386"
"382","26","2024-09-04",,"31","862","1","50","2","2024-11-04","1","29","PERIODOS: SEPTIEMBRE - OCTUBRE","30","60","973","58380","377","6689","2","5794","2024-09-09 13:59:53","1","2024-09-09 15:13:48","1","0","387"
"383","27","2024-11-03",,"31","347","3","50","2","2025-01-03","1","29","PERIODOS: NOVIEMBRE - DICIEMBRE","30","180","1013","182340","378","6781","2","5860","2024-11-03 10:30:40","1","2024-11-04 14:43:38","1","0","390"
"384","28","2024-11-03",,"31","376","3","50","2","2025-01-03","1","29","PERIODOS: NOVIEMBRE - DICIEMBRE","30","180","1013","182340","379","6782","2","5861","2024-11-03 10:30:50","1","2024-11-04 14:46:01","1","0",
"385","29","2024-11-03",,"31","889","1","50","2","2025-01-03","1","29","PERIODOS: NOVIEMBRE - DICIEMBRE","30","60","1013","60780","380","6780","2","5859","2024-11-03 10:31:02","1","2024-11-04 14:41:32","1","0","391"
"386","30","2024-11-03",,"31","594","3","50","2","2025-01-03","1","29","PERIODOS: NOVIEMBRE - DICIEMBRE","30","180","1013","182340","381","6783","2","5862","2024-11-03 10:31:10","1","2024-11-04 14:48:16","1","0","392"
"387","31","2024-11-04",,"31","862","1","50","2","2025-01-04","1","29","PERIODOS: NOVIEMBRE - DICIEMBRE","30","60","1013","60780","382","6790","2","5867","2024-11-04 15:51:01","1","2024-11-04 15:53:37","1","0","393"
"388","32","2024-12-17",,"13","123","1","50","6","2025-06-17","1","29",,"140","840","1000","840000",,,,,"2024-12-17 10:58:54","1","2024-12-17 17:35:02","1","0",
"389","1","2024-12-17",,"13","843","1","50","6","2025-06-17","1","29",,"75","450","1000","450000",,,,,"2024-12-17 11:00:42","1","2024-12-17 17:35:09","1","0",
"390","1","2025-01-03",,"31","347","3","50","2","2025-03-03","1","29","PERIODOS: ENERO - FEBRERO","35","210","1052.5","221025","383","6946","2","5973","2025-01-02 09:59:30","1","2025-01-02 10:43:33","1","0","397"
"391","2","2025-01-03",,"31","889","1","50","2","2025-03-03","1","29","PERIODOS: ENERO - FEBRERO","35","70","1052.5","73675","385","6945","2","5972","2025-01-02 09:59:33","1","2025-01-02 10:41:34","1","0","398"
"392","3","2025-01-03",,"31","594","3","50","2","2025-03-03","1","29","PERIODOS: ENERO - FEBRERO","35","210","1052.5","221025","386","6947","2","5974","2025-01-02 09:59:36","1","2025-01-02 10:45:41","1","0","399"
"393","4","2025-01-04",,"31","862","1","50","2","2025-03-04","1","29","PERIODOS: ENERO - FEBRERO","35","70","1052.5","73675","387","6948","2","5975","2025-01-02 09:59:39","1","2025-01-02 10:47:18","1","0","400"
"394","5","2025-03-08",,"13","123","1","50","4","2025-07-08","1","29",,"90","360",,"200",,,,,"2025-01-08 12:28:46","1","2025-04-30 11:14:34","1","0",
"395","6","2025-04-01",,"13","843","1","50","4","2025-08-01","1","29",,"90","360",,"200",,,,,"2025-01-08 12:31:35","1","2025-04-30 11:14:44","1","0",
"396","7","2025-04-01",,"13","667","1","50","4","2025-08-01","1","29",,"75","300",,"200",,,,,"2025-01-08 12:34:03","1","2025-04-30 11:14:39","1","0",
"397","8","2025-03-03",,"31","347","3","50","2","2025-05-03","1","29","PERIODOS: MARZO - ABRIL","35","210","1084.5","227745","390","7112","2","6099","2025-03-05 14:04:35","1","2025-03-05 14:15:08","1","0","401"
"398","9","2025-03-03",,"10","889","1","50","2","2025-05-03","1","29","PERIODOS: MARZO - ABRIL","35","70","1084.5","75915","391",,,,"2025-03-05 14:04:39","1","2025-03-19 11:26:31","1","0",
"399","10","2025-03-03",,"31","594","3","50","2","2025-05-03","1","29","PERIODOS: MARZO - ABRIL","35","210","1084.5","227745","392","7113","2","6100","2025-03-05 14:04:42","1","2025-03-05 14:20:37","1","0","402"
"400","11","2025-03-04",,"31","862","1","50","2","2025-05-04","1","29","PERIODOS: MARZO - ABRIL","35","70","1084.5","75915","393","7114","2","6101","2025-03-05 14:04:45","1","2025-03-05 14:22:25","1","0","403"
"401","12","2025-05-03",,"31","347","3","50","2","2025-07-03","1","29","PERIODOS: MAYO - JUNIO","40","240","1190","285600","397","7231","2","6186","2025-04-30 11:08:47","1","2025-05-08 14:24:56","1","0","408"
"402","13","2025-05-03",,"31","594","3","50","2","2025-07-03","1","29","PERIODOS: MAYO - JUNIO","40","240","1190","285600","399","7233","5","813","2025-04-30 11:08:50","1","2025-05-08 14:30:12","1","0","409"
"403","14","2025-05-04",,"31","862","1","50","2","2025-07-04","1","29","PERIODOS: MAYO - JUNIO","40","80","1190","95200","400","7232","2","6187","2025-04-30 11:08:58","1","2025-05-08 14:28:03","1","0","410"
"404","15","2025-06-01",,"31","695","1","50","3","2025-09-01","1","29",,"1000","3000","145","435000",,"7287","5","828","2025-04-30 11:15:17","1","2025-05-28 13:37:59","1","1","417"
"405","16","2025-06-01",,"31","1256","1","50","3","2025-09-01","1","29",,"1000","3000","145","435000",,"7283","2","6225","2025-04-30 11:15:56","1","2025-05-23 14:10:46","1","1","419"
"406","17","2025-06-10",,"31","895","1","50","3","2025-09-10","1","29",,"1000","3000","145","435000",,"7337","2","6265","2025-06-04 17:48:08","1","2025-06-06 13:45:15","1","1","423"
"407","18","2025-06-10",,"31","119","1","50","3","2025-09-10","1","29",,"1000","3000","145","435000",,"7338","2","6266","2025-06-09 10:11:14","1","2025-06-09 10:13:46",,"1","424"
"408","19","2025-07-03",,"31","347","3","50","2","2025-09-03","1","29","PERIODOS: JULIO - AGOSTO","40","240","1190","285600","401","7393","2","6304","2025-06-29 12:33:42","1","2025-07-01 15:09:15","1","0","422"
"409","20","2025-07-03",,"31","594","3","50","2","2025-09-03","1","29","PERIODOS: JULIO - AGOSTO","40","240","1190","285600","402","7395","5","857","2025-06-29 12:33:45","1","2025-07-01 15:16:08","1","0","420"
"410","21","2025-07-04",,"31","862","1","50","2","2025-09-04","1","29","PERIODOS: JULIO - AGOSTO","40","80","1190","95200","403","7394","2","6305","2025-06-29 12:33:47","1","2025-07-01 15:11:47","1","0","421"
"411","22","2025-08-01",,"31","846","1","50","3","2025-11-01","1","29",,"1000","3000","145","435000",,"7405","2","6314","2025-07-10 15:30:25","1","2025-07-10 15:43:35",,"1","427"
"412","23","2025-08-01",,"31","376","1","50","3","2025-11-01","1","29",,"1000","3000","145","435000",,"7415","2","6321","2025-07-15 13:13:43","1","2025-07-15 13:23:09",,"1","428"
"413","24","2025-08-01",,"31","855","1","50","3","2025-11-01","1","29",,"1000","3000","145","435000",,"7416","2","6322","2025-07-15 18:09:04","1","2025-07-15 18:17:31",,"1","429"
"414","25","2025-08-01",,"31","846","1","50","1","2025-09-01","1","29",,"1000","1000","145","145000",,"7442","5","867","2025-07-21 10:33:20","1","2025-07-21 13:28:19",,"1","418"
"415","26","2025-08-01",,"31","799","1","50","3","2025-11-01","1","29",,"1000","3000","145","435000",,"7443","2","6343","2025-07-23 12:45:44","1","2025-07-23 13:09:30",,"1","430"
"416","27","2025-08-01",,"31","1264","1","50","3","2025-11-01","1","29",,"1000","3000","145","435000",,"7458","2","6350","2025-07-25 16:34:21","1","2025-07-25 16:37:01",,"1","431"
"417","28","2025-09-01",,"31","695","1","50","3","2025-12-01","1","29","PERIODOS: SEPTIEMBRE - OCTUBRE - NOVIEMBRE","1000","3000","145","435000","404","7511","5","896","2025-08-14 08:54:22","1","2025-08-19 16:49:58","1","0","438"
"418","29","2025-09-01",,"31","846","1","50","3","2025-12-01","1","29","PERIODOS: SEPTIEMBRE","1000","3000","145","435000","414","7582","2","6426","2025-08-14 10:25:15","1","2025-08-25 13:30:15","1","0","439"
"419","30","2025-09-01",,"31","1256","1","50","3","2025-12-01","1","29","PERIODOS: SEPTIEMBRE - OCTUBRE - NOVIEMBRE","1000","3000","145","435000","405","7512","2","6383","2025-08-14 10:25:21","1","2025-08-19 16:53:06","1","0","440"
"420","31","2025-09-03",,"31","594","3","50","2","2025-11-03","1","29","PERIODOS: SEPTIEMBRE - OCTUBRE","40","240","1315","315600","409","7519","5","899","2025-08-14 10:25:28","1","2025-08-19 17:44:50","1","0","433"
"421","32","2025-09-04",,"31","862","1","50","2","2025-11-04","1","29","PERIODOS: SEPTIEMBRE - OCTUBRE","40","80","1315","105200","410","7513","2","6384","2025-08-19 09:04:40","1","2025-08-19 16:56:59","1","0","434"
"422","33","2025-09-03",,"10","347","3","50","2","2025-11-03","1","29","PERIODOS: SEPTIEMBRE - OCTUBRE","40","240","1190","285600","408",,,,"2025-08-19 17:50:46","1","2025-08-20 17:26:49","1","0",
"423","34","2025-09-10",,"31","895","1","50","3","2025-12-10","1","29","PERIODOS: SEPTIEMBRE - OCTUBRE - NOVIEMBRE","1000","3000","145","435000","406","7540","2","6395","2025-08-24 11:33:50","1","2025-08-24 11:37:05","1","0","441"
"424","35","2025-09-10",,"31","119","1","50","3","2025-12-10","1","29","PERIODOS: SEPTIEMBRE - OCTUBRE - NOVIEMBRE","1000","3000","145","435000","407","7541","2","6396","2025-08-24 11:33:53","1","2025-08-24 11:38:50","1","0","442"
"425","36","2025-10-01",,"31","1285","1","50","1","2025-11-01","1","29",,"1000","1000","145","145000",,"7627","2","6451","2025-09-15 22:31:13","1","2025-09-15 22:34:07",,"1","432"
"426","37","2025-11-01",,"31","1288","1","50","3","2026-02-01","1","29",,"1000","3000","145","435000",,"7717","2","6520","2025-10-16 11:42:39","1","2025-10-17 09:04:10",,"1","447"
"427","38","2025-11-01",,"13","846","1","50","3","2026-02-01","1","29","PERIODOS: NOVIEMBRE - DICIEMBRE - ENERO","1000","3000","145","435000","411",,,,"2025-10-16 21:41:00","1","2025-10-16 21:41:28","1","0",
"428","39","2025-11-01",,"31","376","1","50","3","2026-02-01","1","29","PERIODOS: NOVIEMBRE - DICIEMBRE - ENERO","1000","3000","145","435000","412","7718","2","6521","2025-10-16 21:41:38","1","2025-10-17 09:06:13",,,"448"
"429","40","2025-11-01",,"31","855","1","50","3","2026-02-01","1","29","PERIODOS: NOVIEMBRE - DICIEMBRE - ENERO","1000","3000","145","435000","413","7720","2","6523","2025-10-16 21:41:40","1","2025-10-17 09:10:22",,,"449"
"430","41","2025-11-01",,"31","799","1","50","3","2026-02-01","1","29","PERIODOS: NOVIEMBRE - DICIEMBRE - ENERO","1000","3000","145","435000","415","7719","2","6522","2025-10-16 21:41:44","1","2025-10-17 09:07:57",,,"450"
"431","42","2025-11-01",,"31","1264","1","50","3","2026-02-01","1","29","PERIODOS: NOVIEMBRE - DICIEMBRE - ENERO","1000","3000","145","435000","416","7716","2","6519","2025-10-16 21:41:48","1","2025-10-17 09:01:31",,,"451"
"432","43","2025-11-01",,"31","1285","1","50","3","2026-02-01","1","29","PERIODOS: NOVIEMBRE","1000","3000","145","435000","425","7715","2","6518","2025-10-16 21:41:51","1","2025-10-17 08:59:06","1","0","452"
"433","44","2025-11-03",,"31","594","3","50","2","2026-01-03","1","29","PERIODOS: NOVIEMBRE - DICIEMBRE","48.33","289.98","1000","289980","420","7722","5","964","2025-10-16 21:41:55","1","2025-10-17 09:32:19","1","0","444"
"434","45","2025-11-04",,"31","862","1","50","2","2026-01-04","1","29","PERIODOS: NOVIEMBRE - DICIEMBRE","45","90","1430","128700","421","7721","2","6524","2025-10-16 21:41:58","1","2025-10-17 09:29:58","1","0","445"
"435","46","2025-12-01",,"31","103","1","50","3","2026-03-01","1","29",,"1000","3000","145","435000",,"7726","2","6528","2025-10-22 15:43:33","1","2025-10-22 18:32:56","1","0","454"
"436","47","2025-12-01",,"31","1292","1","50","3","2026-03-01","1","29",,"1000","3000","145","435000",,"7745","5","969","2025-10-30 20:06:50","1","2025-10-31 10:07:57",,"1","455"
"437","48","2025-11-01",,"31","152","1","50","3","2026-02-01","1","29",,"1000","3000","145","435000",,"7771","2","6557","2025-11-14 12:43:16","1","2025-11-14 12:46:30",,"1","453"
"438","49","2025-12-01",,"31","695","1","50","3","2026-03-01","1","29","PERIODOS: DICIEMBRE - ENERO - FEBRERO","1000","3000","145","435000","417","7776","5","984","2025-11-14 13:21:17","1","2025-11-14 13:27:08",,,"456"
"439","50","2025-12-01",,"31","846","1","50","3","2026-03-01","1","29","PERIODOS: DICIEMBRE - ENERO - FEBRERO","1000","3000","145","435000","418","7778","2","6560","2025-11-14 13:21:20","1","2025-11-14 13:40:58",,,"457"
"440","51","2025-12-01",,"31","1256","1","50","3","2026-03-01","1","29","PERIODOS: DICIEMBRE - ENERO - FEBRERO","1000","3000","145","435000","419","7777","2","6559","2025-11-14 13:21:23","1","2025-11-14 13:39:11",,,"458"
"441","52","2025-12-10",,"31","895","1","50","3","2026-03-10","1","29","PERIODOS: DICIEMBRE - ENERO - FEBRERO","1000","3000","145","435000","423","7799","2","6578","2025-11-26 13:27:19","1","2025-12-01 13:54:18","1","0","462"
"442","53","2025-12-10",,"31","119","1","50","3","2026-03-10","1","29","PERIODOS: DICIEMBRE - ENERO - FEBRERO","1000","3000","145","435000","424","7800","2","6579","2025-11-26 13:27:22","1","2025-12-01 13:56:33","1","0","461"
"443","1","2026-01-01",,"31","1296","1","145","3","2026-04-01","1","29",,"145","435","1000","435000",,"7861","2","6619","2025-12-09 12:39:09","1","2025-12-09 16:31:15",,"1","463"
"444","2","2026-01-03",,"31","594","3","50","2","2026-03-03","1","29","PERIODOS: ENERO - FEBRERO","48.33","289.32","1000","289320","433","7895","5","1017","2025-12-16 19:12:17","1","2025-12-16 21:25:21","1","0","460"
"445","3","2026-01-04",,"31","862","1","50","2","2026-03-04","1","29","PERIODOS: ENERO - FEBRERO","45","90","1430","128700","434","7894","2","6644","2025-12-16 19:12:20","1","2025-12-16 21:22:31",,,"459"
"446","4","2026-03-03",,"31","594","1","145","3","2026-06-03","1","29",,"167","501","1000","501000",,"7983","5","1041","2026-01-13 11:56:18","1","2026-02-17 13:54:31","1","0",
"447","5","2026-02-01",,"31","1288","1","50","3","2026-05-01","1","29","PERIODOS: FEBRERO - MARZO - ABRIL","1000","3000","167","501000","426","7936","2","6675","2026-01-18 11:51:45","1","2026-01-19 12:24:05","1","0","465"
"448","6","2026-02-01",,"31","376","1","50","3","2026-05-01","1","29","PERIODOS: FEBRERO - MARZO - ABRIL","1000","3000","167","501000","428","7938","2","6677","2026-01-18 11:51:49","1","2026-01-19 12:30:14","1","0","466"
"449","7","2026-02-01",,"31","855","1","50","3","2026-05-01","1","29","PERIODOS: FEBRERO - MARZO - ABRIL","1000","3000","167","501000","429","7933","2","6672","2026-01-18 11:51:52","1","2026-01-19 11:49:47","1","0","467"
"450","8","2026-02-01",,"31","799","1","50","3","2026-05-01","1","29","PERIODOS: FEBRERO - MARZO - ABRIL","1000","3000","167","501000","430","7939","2","6678","2026-01-18 11:51:55","1","2026-01-19 12:34:01","1","0","468"
"451","9","2026-02-01",,"31","1264","1","50","3","2026-05-01","1","29","PERIODOS: FEBRERO - MARZO - ABRIL","1000","3000","167","501000","431","7935","2","6674","2026-01-18 11:52:00","1","2026-01-19 12:22:05","1","0",
"452","10","2026-02-01",,"31","1285","1","50","3","2026-05-01","1","29","PERIODOS: FEBRERO - MARZO - ABRIL","1000","3000","167","501000","432","7934","2","6673","2026-01-18 11:52:03","1","2026-01-19 11:52:25","1","0","464"
"453","11","2026-02-01",,"31","152","1","50","3","2026-05-01","1","29","PERIODOS: FEBRERO - MARZO - ABRIL","1000","3000","167","501000","437","7937","2","6676","2026-01-18 11:52:06","1","2026-01-19 12:25:55","1","0",
"454","12","2026-03-01",,"31","103","1","50","3","2026-06-01","1","29","PERIODOS: MARZO - ABRIL - MAYO","1000","3000","167","501000","435","7979","2","6706","2026-02-12 15:03:25","1","2026-02-17 13:42:43","1","0",
"455","13","2026-03-01",,"31","1292","1","50","3","2026-06-01","1","29","PERIODOS: MARZO - ABRIL - MAYO","1000","3000","167","501000","436","7984","5","1042","2026-02-12 15:03:28","1","2026-02-17 13:56:30","1","0",
"456","14","2026-03-01",,"31","695","1","50","3","2026-06-01","1","29","PERIODOS: MARZO - ABRIL - MAYO","1000","3000","167","501000","438","7982","5","1040","2026-02-12 15:03:30","1","2026-02-17 13:52:47","1","0",
"457","15","2026-03-01",,"31","846","1","50","3","2026-06-01","1","29","PERIODOS: MARZO - ABRIL - MAYO","1000","3000","167","501000","439","7980","2","6707","2026-02-12 15:03:33","1","2026-02-17 13:44:18","1","0",
"458","16","2026-03-01",,"31","1256","1","50","3","2026-06-01","1","29","PERIODOS: MARZO - ABRIL - MAYO","1000","3000","167","501000","440","7978","2","6705","2026-02-12 15:03:37","1","2026-02-17 13:39:51","1","0",
"459","17","2026-03-04",,"31","862","1","50","3","2026-06-04","1","29","PERIODOS: MARZO - ABRIL","45","135","1430","193050","445","7981","2","6708","2026-02-12 15:03:41","1","2026-02-17 13:48:39","1","0",
"460","18","2026-03-03",,"10","594","3","50","2","2026-05-03","1","29","PERIODOS: MARZO - ABRIL","48.33","289.32","1000","289320","444",,,,"2026-02-12 15:03:44","1","2026-02-18 15:51:44","1","0",
"461","19","2026-03-10",,"31","119","1","50","3","2026-06-10","1","29","PERIODOS: MARZO - ABRIL - MAYO","1000","3000","167","501000","442","8012","2","6732","2026-02-18 15:51:09","1","2026-02-18 15:58:11","1","0",
"462","20","2026-03-10",,"31","895","1","50","3","2026-06-10","1","29","PERIODOS: MARZO - ABRIL - MAYO","1000","3000","167","501000","441","8011","2","6731","2026-02-18 15:51:13","1","2026-02-18 15:56:02","1","0",
"463","21","2026-04-01",,"13","1296","1","145","3","2026-07-01","1","29","PERIODOS: ABRIL - MAYO - JUNIO","145","435","1000","435000","443",,,,"2026-03-17 10:47:13","1","2026-03-17 17:52:19","1","0",
"464","22","2026-05-01",,"17","1285","1","50","3","2026-08-01","1","29","PERIODOS: MAYO - JUNIO - JULIO","1000","3000","167","501000","452",,,,"2026-04-14 14:19:53","1",,,,
"465","23","2026-05-01",,"17","1288","1","50","3","2026-08-01","1","29","PERIODOS: MAYO - JUNIO - JULIO","1000","3000","167","501000","447",,,,"2026-04-14 14:19:56","1",,,,
"466","24","2026-05-01",,"17","376","1","50","3","2026-08-01","1","29","PERIODOS: MAYO - JUNIO - JULIO","1000","3000","167","501000","448",,,,"2026-04-14 14:20:00","1",,,,
"467","25","2026-05-01",,"17","855","1","50","3","2026-08-01","1","29","PERIODOS: MAYO - JUNIO - JULIO","1000","3000","167","501000","449",,,,"2026-04-14 14:20:03","1",,,,
"468","26","2026-05-13",,"17","799","1","50","3","2026-08-01","1","29","PERIODOS: MAYO - JUNIO - JULIO","1000","3000","167","501000","450",,,,"2026-04-14 14:20:06","1",,,,
"469","27","2026-05-14",,"8","269","113","1000","2","2026-07-14","0","0","CUIT 30693170881","1000","2000","1390.77","2781540",,,,,"2026-05-14 15:43:23","100 ",,,,
"470","28","2026-05-14",,"8","269","15","1000","2","2026-07-14","0","0","CUIT 30693170881","1000","2000","1390.77","2781540",,,,,"2026-05-14 15:46:57","100 ",,,,
"471","29","2026-05-14",,"8","1256","11","1000","3","2026-08-14","0","0","CUIT 30707057951","1000","3000","1390.71","4172130",,,,,"2026-05-14 15:52:34","100 ",,,,
"472","30","2026-05-14",,"8","826","13","1000","2","2026-07-14","0","0","CUIT 20276392817","1000","2000","123","246000",,,,,"2026-05-14 15:54:42","100 ",,,,
"473","31","2026-05-14",,"8","843","2","55","3","2026-08-14","0","0","CUIT 30543349085","55","165","112.3546","18538.51",,,,,"2026-05-14 16:00:11","100 ",,,,
"474","32","2026-05-14",,"8","667","16","120","3","2026-08-14","0","0","CUIT 30554178886","120","360","1233.21","443955.6",,,,,"2026-05-14 16:05:48","100 ",,,,
"475","33","2026-05-15",,"8","1256","1","1000","2","2026-07-15","0",,"CUIT 30707057951","1000","2000","21","42000",,,,,"2026-05-15 14:01:06","100 ",,,"1",
"476","34","2026-05-15",,"8","269","1","1000","2","2026-07-15",,,"CUIT 30693170881","1000","2000","1390.77","2781540",,,,,"2026-05-15 14:18:40","100 ",,,"1",
"477","35","2026-05-15",,"8","695","1","1000","1","2026-06-15",,,"CUIT 30679895598","1000","1000","23","23000",,,,,"2026-05-15 14:19:22","100 ",,,"1",
"478","36","2026-05-15",,"8","1285","1","1000","2","2026-07-15",,,"CUIT 30717286509","1000","2000","123","246000",,,,,"2026-05-15 15:54:24","100 ",,,"1",
