"id","entidad_id","honorario_producto_id","honorario_id","producto_id","importe","created_at","updated_at"
"1","843","45","5","9","0","2026-6-25 14:04:04","2026-6-25 14:04:04"
"2","843","27","8","6","55","2026-6-25 14:04:04","2026-6-25 14:04:04"
"3","968","6","3","6","55","2026-6-25 14:04:04","2026-6-25 14:04:04"
"4","933","1","1","3","125","2026-6-25 14:04:04","2026-6-25 14:04:04"
"5","915","1","1","3","125","2026-6-25 14:04:04","2026-6-25 14:04:04"
"6","893","1","1","3","125","2026-6-25 14:04:04","2026-6-25 14:04:04"
"7","1061","1","1","3","125","2026-6-25 14:04:04","2026-6-25 14:04:04"
"8","965","1","1","3","125","2026-6-25 14:04:04","2026-6-25 14:04:04"
"9","879","1","1","3","125","2026-6-25 14:04:04","2026-6-25 14:04:04"
"10","945","1","1","3","125","2026-6-25 14:04:04","2026-6-25 14:04:04"
"11","891","1","1","3","125","2026-6-25 14:04:04","2026-6-25 14:04:04"
"12","898","1","1","3","125","2026-6-25 14:04:04","2026-6-25 14:04:04"
"13","1002","1","1","3","125","2026-6-25 14:04:04","2026-6-25 14:04:04"
"14","927","1","1","3","125","2026-6-25 14:04:04","2026-6-25 14:04:04"
"15","1048","1","1","3","125","2026-6-25 14:04:04","2026-6-25 14:04:04"
"16","805","1","1","3","125","2026-6-25 14:04:04","2026-6-25 14:04:04"
"17","435","1","1","3","125","2026-6-25 14:04:04","2026-6-25 14:04:04"
"18","899","1","1","3","125","2026-6-25 14:04:04","2026-6-25 14:04:04"
"19","938","1","1","3","125","2026-6-25 14:04:04","2026-6-25 14:04:04"
"20","840","2","2","3","150","2026-6-25 14:04:04","2026-6-25 14:04:04"
"21","860","2","2","3","150","2026-6-25 14:04:04","2026-6-25 14:04:04"
"22","952","3","3","3","175","2026-6-25 14:04:04","2026-6-25 14:04:04"
"23","955","1","1","3","125","2026-6-25 14:04:04","2026-6-25 14:04:04"
"24","1019","1","1","3","125","2026-6-25 14:04:04","2026-6-25 14:04:04"
"25","526","16","4","3","140","2026-6-25 14:04:04","2026-6-25 14:04:04"
"26","1023","16","4","3","140","2026-6-25 14:04:04","2026-6-25 14:04:04"
"27","1035","16","4","3","140","2026-6-25 14:04:04","2026-6-25 14:04:04"
"28","960","16","4","3","140","2026-6-25 14:04:04","2026-6-25 14:04:04"
"29","976","1","1","3","125","2026-6-25 14:04:04","2026-6-25 14:04:04"
"30","932","1","1","3","125","2026-6-25 14:04:04","2026-6-25 14:04:04"
"31","948","1","1","3","125","2026-6-25 14:04:04","2026-6-25 14:04:04"
"32","228","2","2","3","150","2026-6-25 14:04:04","2026-6-25 14:04:04"
"33","970","1","1","3","125","2026-6-25 14:04:04","2026-6-25 14:04:04"
"34","902","16","4","3","140","2026-6-25 14:04:04","2026-6-25 14:04:04"
"35","944","1","1","3","125","2026-6-25 14:04:04","2026-6-25 14:04:04"
"36","946","1","1","3","125","2026-6-25 14:04:04","2026-6-25 14:04:04"
"37","1030","2","2","3","150","2026-6-25 14:04:04","2026-6-25 14:04:04"
"38","1004","1","1","3","125","2026-6-25 14:04:04","2026-6-25 14:04:04"
"39","1016","1","1","3","125","2026-6-25 14:04:04","2026-6-25 14:04:04"
"40","994","1","1","3","125","2026-6-25 14:04:04","2026-6-25 14:04:04"
"41","843","1","1","3","125","2026-6-25 14:04:04","2026-6-25 14:04:04"
"42","892","16","4","3","140","2026-6-25 14:04:04","2026-6-25 14:04:04"
"43","904","1","1","3","125","2026-6-25 14:04:04","2026-6-25 14:04:04"
"44","979","1","1","3","125","2026-6-25 14:04:04","2026-6-25 14:04:04"
"45","721","1","1","3","125","2026-6-25 14:04:04","2026-6-25 14:04:04"
"46","1065","44","4","9","2350","2026-6-25 14:04:04","2026-6-25 14:04:04"
"47","1062","45","5","9","0","2026-6-25 14:04:04","2026-6-25 14:04:04"
"48","1003","1","1","3","125","2026-6-25 14:04:04","2026-6-25 14:04:04"
"49","797","1","1","3","125","2026-6-25 14:04:04","2026-6-25 14:04:04"
"50","1025","2","2","3","150","2026-6-25 14:04:04","2026-6-25 14:04:04"
"51","931","1","1","3","125","2026-6-25 14:04:04","2026-6-25 14:04:04"
"52","903","8","2","9","2450","2026-6-25 14:04:04","2026-6-25 14:04:04"
"53","1022","2","2","3","150","2026-6-25 14:04:04","2026-6-25 14:04:04"
"54","1050","1","1","3","125","2026-6-25 14:04:04","2026-6-25 14:04:04"
"55","1015","1","1","3","125","2026-6-25 14:04:04","2026-6-25 14:04:04"
"56","890","1","1","3","125","2026-6-25 14:04:04","2026-6-25 14:04:04"
"57","991","5","2","6","0","2026-6-25 14:04:04","2026-6-25 14:04:04"
"58","853","5","2","6","0","2026-6-25 14:04:04","2026-6-25 14:04:04"
"59","347","29","10","6","1000","2026-6-25 14:04:04","2026-6-25 14:04:04"
"60","376","29","10","6","1000","2026-6-25 14:04:04","2026-6-25 14:04:04"
"61","889","5","2","6","0","2026-6-25 14:04:04","2026-6-25 14:04:04"
"62","862","29","10","6","1000","2026-6-25 14:04:04","2026-6-25 14:04:04"
"63","594","25","6","6","167","2026-6-25 14:04:04","2026-6-25 14:04:04"
"64","860","10","1","7","80","2026-6-25 14:04:04","2026-6-25 14:04:04"
"65","1002","10","1","7","80","2026-6-25 14:04:04","2026-6-25 14:04:04"
"66","1066","11","2","7","100","2026-6-25 14:04:04","2026-6-25 14:04:04"
"67","437","11","2","7","100","2026-6-25 14:04:04","2026-6-25 14:04:04"
"68","922","10","1","7","80","2026-6-25 14:04:04","2026-6-25 14:04:04"
"69","123","10","1","7","80","2026-6-25 14:04:04","2026-6-25 14:04:04"
"70","840","10","1","7","80","2026-6-25 14:04:04","2026-6-25 14:04:04"
"71","681","10","1","7","80","2026-6-25 14:04:04","2026-6-25 14:04:04"
"72","932","30","4","7","75","2026-6-25 14:04:04","2026-6-25 14:04:04"
"73","921","10","1","7","80","2026-6-25 14:04:04","2026-6-25 14:04:04"
"74","1011","10","1","7","80","2026-6-25 14:04:04","2026-6-25 14:04:04"
"75","961","10","1","7","80","2026-6-25 14:04:04","2026-6-25 14:04:04"
"76","869","10","1","7","80","2026-6-25 14:04:04","2026-6-25 14:04:04"
"77","1013","10","1","7","80","2026-6-25 14:04:04","2026-6-25 14:04:04"
"78","965","10","1","7","80","2026-6-25 14:04:04","2026-6-25 14:04:04"
"79","910","10","1","7","80","2026-6-25 14:04:04","2026-6-25 14:04:04"
"80","974","10","1","7","80","2026-6-25 14:04:04","2026-6-25 14:04:04"
"81","937","10","1","7","80","2026-6-25 14:04:04","2026-6-25 14:04:04"
"82","944","10","1","7","80","2026-6-25 14:04:04","2026-6-25 14:04:04"
"83","1006","10","1","7","80","2026-6-25 14:04:04","2026-6-25 14:04:04"
"84","900","16","4","3","140","2026-6-25 14:04:04","2026-6-25 14:04:04"
"85","1068","1","1","3","125","2026-6-25 14:04:04","2026-6-25 14:04:04"
"86","504","10","1","7","80","2026-6-25 14:04:04","2026-6-25 14:04:04"
"87","347","10","1","7","80","2026-6-25 14:04:04","2026-6-25 14:04:04"
"88","1070","12","3","7","110","2026-6-25 14:04:04","2026-6-25 14:04:04"
"89","1017","2","2","3","150","2026-6-25 14:04:04","2026-6-25 14:04:04"
"90","1071","2","2","3","150","2026-6-25 14:04:04","2026-6-25 14:04:04"
"91","1072","3","3","3","175","2026-6-25 14:04:04","2026-6-25 14:04:04"
"92","1073","3","3","3","175","2026-6-25 14:04:04","2026-6-25 14:04:04"
"93","1074","1","1","3","125","2026-6-25 14:04:04","2026-6-25 14:04:04"
"94","1075","1","1","3","125","2026-6-25 14:04:04","2026-6-25 14:04:04"
"95","913","3","3","3","175","2026-6-25 14:04:04","2026-6-25 14:04:04"
"96","997","1","1","3","125","2026-6-25 14:04:04","2026-6-25 14:04:04"
"97","1078","1","1","3","125","2026-6-25 14:04:04","2026-6-25 14:04:04"
"98","1079","1","1","3","125","2026-6-25 14:04:04","2026-6-25 14:04:04"
"99","1080","1","1","3","125","2026-6-25 14:04:04","2026-6-25 14:04:04"
"100","1082","1","1","3","125","2026-6-25 14:04:04","2026-6-25 14:04:04"
"101","1083","12","3","7","110","2026-6-25 14:04:04","2026-6-25 14:04:04"
"102","937","1","1","3","125","2026-6-25 14:04:04","2026-6-25 14:04:04"
"103","1085","12","3","7","110","2026-6-25 14:04:04","2026-6-25 14:04:04"
"104","1086","12","3","7","110","2026-6-25 14:04:04","2026-6-25 14:04:04"
"105","1086","3","3","3","175","2026-6-25 14:04:04","2026-6-25 14:04:04"
"106","1087","3","3","3","175","2026-6-25 14:04:04","2026-6-25 14:04:04"
"107","1083","1","1","3","125","2026-6-25 14:04:04","2026-6-25 14:04:04"
"108","853","10","1","7","80","2026-6-25 14:04:04","2026-6-25 14:04:04"
"109","980","2","2","3","150","2026-6-25 14:04:04","2026-6-25 14:04:04"
"110","1088","2","2","3","150","2026-6-25 14:04:04","2026-6-25 14:04:04"
"111","1085","1","1","3","125","2026-6-25 14:04:04","2026-6-25 14:04:04"
"112","1089","1","1","3","125","2026-6-25 14:04:04","2026-6-25 14:04:04"
"113","1063","1","1","3","125","2026-6-25 14:04:04","2026-6-25 14:04:04"
"114","1081","1","1","3","125","2026-6-25 14:04:04","2026-6-25 14:04:04"
"115","1036","1","1","3","125","2026-6-25 14:04:04","2026-6-25 14:04:04"
"116","905","1","1","3","125","2026-6-25 14:04:04","2026-6-25 14:04:04"
"117","869","1","1","3","125","2026-6-25 14:04:04","2026-6-25 14:04:04"
"118","929","1","1","3","125","2026-6-25 14:04:04","2026-6-25 14:04:04"
"119","504","2","2","3","150","2026-6-25 14:04:04","2026-6-25 14:04:04"
"120","908","3","3","3","175","2026-6-25 14:04:04","2026-6-25 14:04:04"
"121","1018","3","3","3","175","2026-6-25 14:04:04","2026-6-25 14:04:04"
"122","866","3","3","3","175","2026-6-25 14:04:04","2026-6-25 14:04:04"
"123","917","17","5","3","250","2026-6-25 14:04:04","2026-6-25 14:04:04"
"124","873","18","6","3","550","2026-6-25 14:04:04","2026-6-25 14:04:04"
"125","782","18","6","3","550","2026-6-25 14:04:04","2026-6-25 14:04:04"
"126","1005","8","2","9","2450","2026-6-25 14:04:04","2026-6-25 14:04:04"
"127","1090","1","1","3","125","2026-6-25 14:04:04","2026-6-25 14:04:04"
"128","1091","1","1","3","125","2026-6-25 14:04:04","2026-6-25 14:04:04"
"129","1092","45","5","9","0","2026-6-25 14:04:04","2026-6-25 14:04:04"
"130","1023","45","5","9","0","2026-6-25 14:04:04","2026-6-25 14:04:04"
"131","1093","8","2","9","2450","2026-6-25 14:04:04","2026-6-25 14:04:04"
"132","902","45","5","9","0","2026-6-25 14:04:04","2026-6-25 14:04:04"
"133","892","7","1","9","865","2026-6-25 14:04:04","2026-6-25 14:04:04"
"134","1094","1","1","3","125","2026-6-25 14:04:04","2026-6-25 14:04:04"
"135","1095","1","1","3","125","2026-6-25 14:04:04","2026-6-25 14:04:04"
"136","1097","2","2","3","150","2026-6-25 14:04:04","2026-6-25 14:04:04"
"137","1098","45","5","9","0","2026-6-25 14:04:04","2026-6-25 14:04:04"
"138","1101","1","1","3","125","2026-6-25 14:04:04","2026-6-25 14:04:04"
"139","1102","1","1","3","125","2026-6-25 14:04:04","2026-6-25 14:04:04"
"140","1103","1","1","3","125","2026-6-25 14:04:04","2026-6-25 14:04:04"
"141","1104","1","1","3","125","2026-6-25 14:04:04","2026-6-25 14:04:04"
"142","1105","1","1","3","125","2026-6-25 14:04:04","2026-6-25 14:04:04"
"143","1106","1","1","3","125","2026-6-25 14:04:04","2026-6-25 14:04:04"
"144","1107","1","1","3","125","2026-6-25 14:04:04","2026-6-25 14:04:04"
"145","1108","1","1","3","125","2026-6-25 14:04:04","2026-6-25 14:04:04"
"146","1109","2","2","3","150","2026-6-25 14:04:04","2026-6-25 14:04:04"
"147","1096","1","1","3","125","2026-6-25 14:04:04","2026-6-25 14:04:04"
"148","1110","16","4","3","140","2026-6-25 14:04:04","2026-6-25 14:04:04"
"149","928","16","4","3","140","2026-6-25 14:04:04","2026-6-25 14:04:04"
"150","1111","1","1","3","125","2026-6-25 14:04:04","2026-6-25 14:04:04"
"151","1112","1","1","3","125","2026-6-25 14:04:04","2026-6-25 14:04:04"
"152","1113","1","1","3","125","2026-6-25 14:04:04","2026-6-25 14:04:04"
"153","1114","1","1","3","125","2026-6-25 14:04:04","2026-6-25 14:04:04"
"154","1115","1","1","3","125","2026-6-25 14:04:04","2026-6-25 14:04:04"
"155","1116","1","1","3","125","2026-6-25 14:04:04","2026-6-25 14:04:04"
"156","1117","1","1","3","125","2026-6-25 14:04:04","2026-6-25 14:04:04"
"157","1119","1","1","3","125","2026-6-25 14:04:04","2026-6-25 14:04:04"
"158","1120","1","1","3","125","2026-6-25 14:04:04","2026-6-25 14:04:04"
"159","1121","1","1","3","125","2026-6-25 14:04:04","2026-6-25 14:04:04"
"160","1122","1","1","3","125","2026-6-25 14:04:04","2026-6-25 14:04:04"
"161","959","1","1","3","125","2026-6-25 14:04:04","2026-6-25 14:04:04"
"162","1123","1","1","3","125","2026-6-25 14:04:04","2026-6-25 14:04:04"
"163","1124","1","1","3","125","2026-6-25 14:04:04","2026-6-25 14:04:04"
"164","1125","1","1","3","125","2026-6-25 14:04:04","2026-6-25 14:04:04"
"165","1126","1","1","3","125","2026-6-25 14:04:04","2026-6-25 14:04:04"
"166","1127","1","1","3","125","2026-6-25 14:04:04","2026-6-25 14:04:04"
"167","1128","1","1","3","125","2026-6-25 14:04:04","2026-6-25 14:04:04"
"168","939","1","1","3","125","2026-6-25 14:04:04","2026-6-25 14:04:04"
"169","1129","1","1","3","125","2026-6-25 14:04:04","2026-6-25 14:04:04"
"170","1130","1","1","3","125","2026-6-25 14:04:04","2026-6-25 14:04:04"
"171","1131","1","1","3","125","2026-6-25 14:04:04","2026-6-25 14:04:04"
"172","655","1","1","3","125","2026-6-25 14:04:04","2026-6-25 14:04:04"
"173","1098","1","1","3","125","2026-6-25 14:04:04","2026-6-25 14:04:04"
"174","1132","1","1","3","125","2026-6-25 14:04:04","2026-6-25 14:04:04"
"175","1133","1","1","3","125","2026-6-25 14:04:04","2026-6-25 14:04:04"
"176","1134","1","1","3","125","2026-6-25 14:04:04","2026-6-25 14:04:04"
"177","1135","1","1","3","125","2026-6-25 14:04:04","2026-6-25 14:04:04"
"178","1136","1","1","3","125","2026-6-25 14:04:04","2026-6-25 14:04:04"
"179","1137","1","1","3","125","2026-6-25 14:04:04","2026-6-25 14:04:04"
"180","1138","49","9","9","0","2026-6-25 14:04:04","2026-6-25 14:04:04"
"181","1139","1","1","3","125","2026-6-25 14:04:04","2026-6-25 14:04:04"
"182","1132","48","8","9","0","2026-6-25 14:04:04","2026-6-25 14:04:04"
"183","1140","1","1","3","125","2026-6-25 14:04:04","2026-6-25 14:04:04"
"184","1141","16","4","3","140","2026-6-25 14:04:04","2026-6-25 14:04:04"
"185","1129","45","5","9","0","2026-6-25 14:04:04","2026-6-25 14:04:04"
"186","1142","1","1","3","125","2026-6-25 14:04:04","2026-6-25 14:04:04"
"187","1143","1","1","3","125","2026-6-25 14:04:04","2026-6-25 14:04:04"
"188","1144","12","3","7","110","2026-6-25 14:04:04","2026-6-25 14:04:04"
"189","1145","3","3","3","175","2026-6-25 14:04:04","2026-6-25 14:04:04"
"190","1146","1","1","3","125","2026-6-25 14:04:04","2026-6-25 14:04:04"
"191","933","45","5","9","0","2026-6-25 14:04:04","2026-6-25 14:04:04"
"192","1147","1","1","3","125","2026-6-25 14:04:04","2026-6-25 14:04:04"
"193","915","8","2","9","2450","2026-6-25 14:04:04","2026-6-25 14:04:04"
"194","1059","8","2","9","2450","2026-6-25 14:04:04","2026-6-25 14:04:04"
"195","1040","44","4","9","2350","2026-6-25 14:04:04","2026-6-25 14:04:04"
"196","1039","45","5","9","0","2026-6-25 14:04:04","2026-6-25 14:04:04"
"197","942","48","8","9","0","2026-6-25 14:04:04","2026-6-25 14:04:04"
"198","1077","49","9","9","0","2026-6-25 14:04:04","2026-6-25 14:04:04"
"199","1026","45","5","9","0","2026-6-25 14:04:04","2026-6-25 14:04:04"
"200","1043","44","4","9","2350","2026-6-25 14:04:04","2026-6-25 14:04:04"
"201","153","48","8","9","0","2026-6-25 14:04:04","2026-6-25 14:04:04"
"202","1069","45","5","9","0","2026-6-25 14:04:04","2026-6-25 14:04:04"
"203","727","45","5","9","0","2026-6-25 14:04:04","2026-6-25 14:04:04"
"204","1148","1","1","3","125","2026-6-25 14:04:04","2026-6-25 14:04:04"
"205","1149","3","3","3","175","2026-6-25 14:04:04","2026-6-25 14:04:04"
"206","1150","1","1","3","125","2026-6-25 14:04:04","2026-6-25 14:04:04"
"207","1091","48","8","9","0","2026-6-25 14:04:04","2026-6-25 14:04:04"
"208","916","1","1","3","125","2026-6-25 14:04:04","2026-6-25 14:04:04"
"209","890","50","10","9","1900","2026-6-25 14:04:04","2026-6-25 14:04:04"
"210","1151","1","1","3","125","2026-6-25 14:04:04","2026-6-25 14:04:04"
"211","1152","47","7","9","2805","2026-6-25 14:04:04","2026-6-25 14:04:04"
"212","1153","2","2","3","150","2026-6-25 14:04:04","2026-6-25 14:04:04"
"213","1154","1","1","3","125","2026-6-25 14:04:04","2026-6-25 14:04:04"
"214","1090","48","8","9","0","2026-6-25 14:04:04","2026-6-25 14:04:04"
"215","1156","3","3","3","175","2026-6-25 14:04:04","2026-6-25 14:04:04"
"216","1159","1","1","3","125","2026-6-25 14:04:04","2026-6-25 14:04:04"
"217","1137","45","5","9","0","2026-6-25 14:04:04","2026-6-25 14:04:04"
"218","1160","2","2","3","150","2026-6-25 14:04:04","2026-6-25 14:04:04"
"219","999","45","5","9","0","2026-6-25 14:04:04","2026-6-25 14:04:04"
"220","984","1","1","3","125","2026-6-25 14:04:04","2026-6-25 14:04:04"
"221","983","1","1","3","125","2026-6-25 14:04:04","2026-6-25 14:04:04"
"222","1041","1","1","3","125","2026-6-25 14:04:04","2026-6-25 14:04:04"
"223","1161","1","1","3","125","2026-6-25 14:04:04","2026-6-25 14:04:04"
"224","1162","3","3","3","175","2026-6-25 14:04:04","2026-6-25 14:04:04"
"225","999","1","1","3","125","2026-6-25 14:04:04","2026-6-25 14:04:04"
"226","1163","1","1","3","125","2026-6-25 14:04:04","2026-6-25 14:04:04"
"227","1164","1","1","3","125","2026-6-25 14:04:04","2026-6-25 14:04:04"
"228","1165","20","8","3","500","2026-6-25 14:04:04","2026-6-25 14:04:04"
"229","1166","1","1","3","125","2026-6-25 14:04:04","2026-6-25 14:04:04"
"230","1167","1","1","3","125","2026-6-25 14:04:04","2026-6-25 14:04:04"
"231","1167","8","2","9","2450","2026-6-25 14:04:04","2026-6-25 14:04:04"
"232","1168","50","10","9","1900","2026-6-25 14:04:04","2026-6-25 14:04:04"
"233","1169","1","1","3","125","2026-6-25 14:04:04","2026-6-25 14:04:04"
"234","1066","48","8","9","0","2026-6-25 14:04:04","2026-6-25 14:04:04"
"235","1170","50","10","9","1900","2026-6-25 14:04:04","2026-6-25 14:04:04"
"236","1171","1","1","3","125","2026-6-25 14:04:04","2026-6-25 14:04:04"
"237","1172","1","1","3","125","2026-6-25 14:04:04","2026-6-25 14:04:04"
"238","1118","44","4","9","2350","2026-6-25 14:04:04","2026-6-25 14:04:04"
"239","269","29","10","6","1000","2026-6-25 14:04:04","2026-6-25 14:04:04"
"240","504","28","9","6","48","2026-6-25 14:04:04","2026-6-25 14:04:04"
"241","92","27","8","6","55","2026-6-25 14:04:04","2026-6-25 14:04:04"
"242","961","44","4","9","2350","2026-6-25 14:04:04","2026-6-25 14:04:04"
"243","1174","1","1","3","125","2026-6-25 14:04:04","2026-6-25 14:04:04"
"244","1175","1","1","3","125","2026-6-25 14:04:04","2026-6-25 14:04:04"
"245","1176","1","1","3","125","2026-6-25 14:04:04","2026-6-25 14:04:04"
"246","985","1","1","3","125","2026-6-25 14:04:04","2026-6-25 14:04:04"
"247","1177","1","1","3","125","2026-6-25 14:04:04","2026-6-25 14:04:04"
"248","1178","1","1","3","125","2026-6-25 14:04:04","2026-6-25 14:04:04"
"249","1179","1","1","3","125","2026-6-25 14:04:04","2026-6-25 14:04:04"
"250","1180","1","1","3","125","2026-6-25 14:04:04","2026-6-25 14:04:04"
"251","1182","1","1","3","125","2026-6-25 14:04:04","2026-6-25 14:04:04"
"252","437","1","1","3","125","2026-6-25 14:04:04","2026-6-25 14:04:04"
"253","1183","1","1","3","125","2026-6-25 14:04:04","2026-6-25 14:04:04"
"254","1093","1","1","3","125","2026-6-25 14:04:04","2026-6-25 14:04:04"
"255","125","1","1","3","125","2026-6-25 14:04:04","2026-6-25 14:04:04"
"256","1184","1","1","3","125","2026-6-25 14:04:04","2026-6-25 14:04:04"
"257","1185","1","1","3","125","2026-6-25 14:04:04","2026-6-25 14:04:04"
"258","1186","1","1","3","125","2026-6-25 14:04:04","2026-6-25 14:04:04"
"259","1187","1","1","3","125","2026-6-25 14:04:04","2026-6-25 14:04:04"
"260","1188","1","1","3","125","2026-6-25 14:04:04","2026-6-25 14:04:04"
"261","1189","1","1","3","125","2026-6-25 14:04:04","2026-6-25 14:04:04"
"262","1190","1","1","3","125","2026-6-25 14:04:04","2026-6-25 14:04:04"
"263","39","1","1","3","125","2026-6-25 14:04:04","2026-6-25 14:04:04"
"264","667","1","1","3","125","2026-6-25 14:04:04","2026-6-25 14:04:04"
"265","1191","1","1","3","125","2026-6-25 14:04:04","2026-6-25 14:04:04"
"266","1192","1","1","3","125","2026-6-25 14:04:04","2026-6-25 14:04:04"
"267","9","1","1","3","125","2026-6-25 14:04:04","2026-6-25 14:04:04"
"268","491","12","3","7","110","2026-6-25 14:04:04","2026-6-25 14:04:04"
"269","1064","12","3","7","110","2026-6-25 14:04:04","2026-6-25 14:04:04"
"270","1193","2","2","3","150","2026-6-25 14:04:04","2026-6-25 14:04:04"
"271","1194","1","1","3","125","2026-6-25 14:04:04","2026-6-25 14:04:04"
"272","1195","1","1","3","125","2026-6-25 14:04:04","2026-6-25 14:04:04"
"273","1196","2","2","3","150","2026-6-25 14:04:04","2026-6-25 14:04:04"
"274","1197","1","1","3","125","2026-6-25 14:04:04","2026-6-25 14:04:04"
"275","1198","1","1","3","125","2026-6-25 14:04:04","2026-6-25 14:04:04"
"276","1199","1","1","3","125","2026-6-25 14:04:04","2026-6-25 14:04:04"
"277","1200","1","1","3","125","2026-6-25 14:04:04","2026-6-25 14:04:04"
"278","1201","1","1","3","125","2026-6-25 14:04:04","2026-6-25 14:04:04"
"279","1202","12","3","7","110","2026-6-25 14:04:04","2026-6-25 14:04:04"
"280","1203","1","1","3","125","2026-6-25 14:04:04","2026-6-25 14:04:04"
"281","1204","1","1","3","125","2026-6-25 14:04:04","2026-6-25 14:04:04"
"282","1205","1","1","3","125","2026-6-25 14:04:04","2026-6-25 14:04:04"
"283","1084","1","1","3","125","2026-6-25 14:04:04","2026-6-25 14:04:04"
"284","1077","1","1","3","125","2026-6-25 14:04:04","2026-6-25 14:04:04"
"285","1206","12","3","7","110","2026-6-25 14:04:04","2026-6-25 14:04:04"
"286","1207","1","1","3","125","2026-6-25 14:04:04","2026-6-25 14:04:04"
"287","1208","1","1","3","125","2026-6-25 14:04:04","2026-6-25 14:04:04"
"288","1209","1","1","3","125","2026-6-25 14:04:04","2026-6-25 14:04:04"
"289","1210","1","1","3","125","2026-6-25 14:04:04","2026-6-25 14:04:04"
"290","1211","1","1","3","125","2026-6-25 14:04:04","2026-6-25 14:04:04"
"291","1212","1","1","3","125","2026-6-25 14:04:04","2026-6-25 14:04:04"
"292","1213","1","1","3","125","2026-6-25 14:04:04","2026-6-25 14:04:04"
"293","1214","1","1","3","125","2026-6-25 14:04:04","2026-6-25 14:04:04"
"294","1215","1","1","3","125","2026-6-25 14:04:04","2026-6-25 14:04:04"
"295","1216","8","2","9","2450","2026-6-25 14:04:04","2026-6-25 14:04:04"
"296","1217","1","1","3","125","2026-6-25 14:04:04","2026-6-25 14:04:04"
"297","1218","1","1","3","125","2026-6-25 14:04:04","2026-6-25 14:04:04"
"298","1219","1","1","3","125","2026-6-25 14:04:04","2026-6-25 14:04:04"
"299","1057","3","3","3","175","2026-6-25 14:04:04","2026-6-25 14:04:04"
"300","1089","48","8","9","0","2026-6-25 14:04:04","2026-6-25 14:04:04"
"301","1220","1","1","3","125","2026-6-25 14:04:04","2026-6-25 14:04:04"
"302","1221","1","1","3","125","2026-6-25 14:04:04","2026-6-25 14:04:04"
"303","1022","12","3","7","110","2026-6-25 14:04:04","2026-6-25 14:04:04"
"304","1222","1","1","3","125","2026-6-25 14:04:04","2026-6-25 14:04:04"
"305","1223","1","1","3","125","2026-6-25 14:04:04","2026-6-25 14:04:04"
"306","1224","16","4","3","140","2026-6-25 14:04:04","2026-6-25 14:04:04"
"307","1225","1","1","3","125","2026-6-25 14:04:04","2026-6-25 14:04:04"
"308","1226","1","1","3","125","2026-6-25 14:04:04","2026-6-25 14:04:04"
"309","1227","45","5","9","0","2026-6-25 14:04:04","2026-6-25 14:04:04"
"310","1222","48","8","9","0","2026-6-25 14:04:04","2026-6-25 14:04:04"
"311","1228","1","1","3","125","2026-6-25 14:04:04","2026-6-25 14:04:04"
"312","1229","1","1","3","125","2026-6-25 14:04:04","2026-6-25 14:04:04"
"313","1177","12","3","7","110","2026-6-25 14:04:04","2026-6-25 14:04:04"
"314","1231","48","8","9","0","2026-6-25 14:04:04","2026-6-25 14:04:04"
"315","1232","44","4","9","2350","2026-6-25 14:04:04","2026-6-25 14:04:04"
"316","1233","46","6","9","0","2026-6-25 14:04:04","2026-6-25 14:04:04"
"317","1233","70","10","11","75","2026-6-25 14:04:04","2026-6-25 14:04:04"
"318","1065","51","1","10","335","2026-6-25 14:04:04","2026-6-25 14:04:04"
"319","843","57","7","10","435","2026-6-25 14:04:04","2026-6-25 14:04:04"
"320","1062","57","7","10","435","2026-6-25 14:04:04","2026-6-25 14:04:04"
"321","902","57","7","10","435","2026-6-25 14:04:04","2026-6-25 14:04:04"
"322","1092","52","2","10","455","2026-6-25 14:04:04","2026-6-25 14:04:04"
"323","915","59","9","10","475","2026-6-25 14:04:04","2026-6-25 14:04:04"
"324","1093","59","9","10","475","2026-6-25 14:04:04","2026-6-25 14:04:04"
"325","1040","55","5","10","425","2026-6-25 14:04:04","2026-6-25 14:04:04"
"326","1059","59","9","10","475","2026-6-25 14:04:04","2026-6-25 14:04:04"
"327","727","57","7","10","435","2026-6-25 14:04:04","2026-6-25 14:04:04"
"328","893","57","7","10","435","2026-6-25 14:04:04","2026-6-25 14:04:04"
"329","903","59","9","10","475","2026-6-25 14:04:04","2026-6-25 14:04:04"
"330","1231","52","2","10","455","2026-6-25 14:04:04","2026-6-25 14:04:04"
"331","1232","52","2","10","455","2026-6-25 14:04:04","2026-6-25 14:04:04"
"332","153","53","3","10","375","2026-6-25 14:04:04","2026-6-25 14:04:04"
"333","1091","59","9","10","475","2026-6-25 14:04:04","2026-6-25 14:04:04"
"334","1066","51","1","10","335","2026-6-25 14:04:04","2026-6-25 14:04:04"
"335","1039","59","9","10","475","2026-6-25 14:04:04","2026-6-25 14:04:04"
"336","942","59","9","10","475","2026-6-25 14:04:04","2026-6-25 14:04:04"
"337","1098","53","3","10","375","2026-6-25 14:04:04","2026-6-25 14:04:04"
"338","1005","59","9","10","475","2026-6-25 14:04:04","2026-6-25 14:04:04"
"339","1227","52","2","10","455","2026-6-25 14:04:04","2026-6-25 14:04:04"
"340","933","57","7","10","435","2026-6-25 14:04:04","2026-6-25 14:04:04"
"341","1234","53","3","10","375","2026-6-25 14:04:04","2026-6-25 14:04:04"
"342","892","57","7","10","435","2026-6-25 14:04:04","2026-6-25 14:04:04"
"343","999","53","3","10","375","2026-6-25 14:04:04","2026-6-25 14:04:04"
"344","1118","55","5","10","425","2026-6-25 14:04:04","2026-6-25 14:04:04"
"345","1129","57","7","10","435","2026-6-25 14:04:04","2026-6-25 14:04:04"
"346","1026","60","10","10","380","2026-6-25 14:04:04","2026-6-25 14:04:04"
"347","1023","57","7","10","435","2026-6-25 14:04:04","2026-6-25 14:04:04"
"348","961","55","5","10","425","2026-6-25 14:04:04","2026-6-25 14:04:04"
"349","1137","52","2","10","455","2026-6-25 14:04:04","2026-6-25 14:04:04"
"350","1043","55","5","10","425","2026-6-25 14:04:04","2026-6-25 14:04:04"
"351","1090","53","3","10","375","2026-6-25 14:04:04","2026-6-25 14:04:04"
"352","1138","53","3","10","375","2026-6-25 14:04:04","2026-6-25 14:04:04"
"353","1130","55","5","10","425","2026-6-25 14:04:04","2026-6-25 14:04:04"
"354","1077","61","1","11","550","2026-6-25 14:04:04","2026-6-25 14:04:04"
"355","1042","1","1","3","125","2026-6-25 14:04:04","2026-6-25 14:04:04"
"356","911","18","6","3","550","2026-6-25 14:04:04","2026-6-25 14:04:04"
"357","153","1","1","3","125","2026-6-25 14:04:04","2026-6-25 14:04:04"
"358","942","1","1","3","125","2026-6-25 14:04:04","2026-6-25 14:04:04"
"359","1005","1","1","3","125","2026-6-25 14:04:04","2026-6-25 14:04:04"
"360","1235","1","1","3","125","2026-6-25 14:04:04","2026-6-25 14:04:04"
"361","1014","1","1","3","125","2026-6-25 14:04:04","2026-6-25 14:04:04"
"362","971","1","1","3","125","2026-6-25 14:04:04","2026-6-25 14:04:04"
"363","1032","1","1","3","125","2026-6-25 14:04:04","2026-6-25 14:04:04"
"364","1055","1","1","3","125","2026-6-25 14:04:04","2026-6-25 14:04:04"
"365","1099","1","1","3","125","2026-6-25 14:04:04","2026-6-25 14:04:04"
"366","1008","1","1","3","125","2026-6-25 14:04:04","2026-6-25 14:04:04"
"367","953","1","1","3","125","2026-6-25 14:04:04","2026-6-25 14:04:04"
"368","1236","1","1","3","125","2026-6-25 14:04:04","2026-6-25 14:04:04"
"369","1049","1","1","3","125","2026-6-25 14:04:04","2026-6-25 14:04:04"
"370","1237","1","1","3","125","2026-6-25 14:04:04","2026-6-25 14:04:04"
"371","1238","1","1","3","125","2026-6-25 14:04:04","2026-6-25 14:04:04"
"372","1239","1","1","3","125","2026-6-25 14:04:04","2026-6-25 14:04:04"
"373","1240","1","1","3","125","2026-6-25 14:04:04","2026-6-25 14:04:04"
"374","1241","1","1","3","125","2026-6-25 14:04:04","2026-6-25 14:04:04"
"375","1242","1","1","3","125","2026-6-25 14:04:04","2026-6-25 14:04:04"
"376","1243","1","1","3","125","2026-6-25 14:04:04","2026-6-25 14:04:04"
"377","123","23","4","6","120","2026-6-25 14:04:04","2026-6-25 14:04:04"
"378","1244","1","1","3","125","2026-6-25 14:04:04","2026-6-25 14:04:04"
"379","667","23","4","6","120","2026-6-25 14:04:04","2026-6-25 14:04:04"
"380","1245","1","1","3","125","2026-6-25 14:04:04","2026-6-25 14:04:04"
"381","1245","55","5","10","425","2026-6-25 14:04:04","2026-6-25 14:04:04"
"382","1246","1","1","3","125","2026-6-25 14:04:04","2026-6-25 14:04:04"
"383","1105","52","2","10","455","2026-6-25 14:04:04","2026-6-25 14:04:04"
"384","879","44","4","9","2350","2026-6-25 14:04:04","2026-6-25 14:04:04"
"385","1074","53","3","10","375","2026-6-25 14:04:04","2026-6-25 14:04:04"
"386","944","52","2","10","455","2026-6-25 14:04:04","2026-6-25 14:04:04"
"387","1247","19","7","3","0","2026-6-25 14:04:04","2026-6-25 14:04:04"
"388","760","1","1","3","125","2026-6-25 14:04:04","2026-6-25 14:04:04"
"389","1248","1","1","3","125","2026-6-25 14:04:04","2026-6-25 14:04:04"
"390","979","8","2","9","2450","2026-6-25 14:04:04","2026-6-25 14:04:04"
"391","1249","52","2","10","455","2026-6-25 14:04:04","2026-6-25 14:04:04"
"392","1072","52","2","10","455","2026-6-25 14:04:04","2026-6-25 14:04:04"
"393","1073","52","2","10","455","2026-6-25 14:04:04","2026-6-25 14:04:04"
"394","1250","1","1","3","125","2026-6-25 14:04:04","2026-6-25 14:04:04"
"395","1251","1","1","3","125","2026-6-25 14:04:04","2026-6-25 14:04:04"
"396","1094","56","6","10","410","2026-6-25 14:04:04","2026-6-25 14:04:04"
"397","1252","59","9","10","475","2026-6-25 14:04:04","2026-6-25 14:04:04"
"398","1253","1","1","3","125","2026-6-25 14:04:04","2026-6-25 14:04:04"
"399","1254","1","1","3","125","2026-6-25 14:04:04","2026-6-25 14:04:04"
"400","1256","29","10","6","1000","2026-6-25 14:04:04","2026-6-25 14:04:04"
"401","695","29","10","6","1000","2026-6-25 14:04:04","2026-6-25 14:04:04"
"402","1258","59","9","10","475","2026-6-25 14:04:04","2026-6-25 14:04:04"
"403","826","29","10","6","1000","2026-6-25 14:04:04","2026-6-25 14:04:04"
"404","895","29","10","6","1000","2026-6-25 14:04:04","2026-6-25 14:04:04"
"405","119","29","10","6","1000","2026-6-25 14:04:04","2026-6-25 14:04:04"
"406","834","29","10","6","1000","2026-6-25 14:04:04","2026-6-25 14:04:04"
"407","1259","1","1","3","125","2026-6-25 14:04:04","2026-6-25 14:04:04"
"408","1260","1","1","3","125","2026-6-25 14:04:04","2026-6-25 14:04:04"
"409","1261","3","3","3","175","2026-6-25 14:04:04","2026-6-25 14:04:04"
"410","1262","1","1","3","125","2026-6-25 14:04:04","2026-6-25 14:04:04"
"411","846","29","10","6","1000","2026-6-25 14:04:04","2026-6-25 14:04:04"
"412","855","29","10","6","1000","2026-6-25 14:04:04","2026-6-25 14:04:04"
"413","799","29","10","6","1000","2026-6-25 14:04:04","2026-6-25 14:04:04"
"414","1263","1","1","3","125","2026-6-25 14:04:04","2026-6-25 14:04:04"
"415","933","65","5","11","450","2026-6-25 14:04:04","2026-6-25 14:04:04"
"416","1264","29","10","6","1000","2026-6-25 14:04:04","2026-6-25 14:04:04"
"417","1265","64","4","11","250","2026-6-25 14:04:04","2026-6-25 14:04:04"
"418","96","60","10","10","380","2026-6-25 14:04:04","2026-6-25 14:04:04"
"419","1233","52","2","10","455","2026-6-25 14:04:04","2026-6-25 14:04:04"
"420","1267","52","2","10","455","2026-6-25 14:04:04","2026-6-25 14:04:04"
"421","1266","67","7","11","1250","2026-6-25 14:04:04","2026-6-25 14:04:04"
"422","176","68","8","11","1750","2026-6-25 14:04:04","2026-6-25 14:04:04"
"423","147","63","3","11","1750","2026-6-25 14:04:04","2026-6-25 14:04:04"
"424","633","59","9","10","475","2026-6-25 14:04:04","2026-6-25 14:04:04"
"425","1273","69","9","11","2200","2026-6-25 14:04:04","2026-6-25 14:04:04"
"426","1274","66","6","11","750","2026-6-25 14:04:04","2026-6-25 14:04:04"
"427","1275","66","6","11","750","2026-6-25 14:04:04","2026-6-25 14:04:04"
"428","1152","65","5","11","450","2026-6-25 14:04:04","2026-6-25 14:04:04"
"429","869","64","4","11","250","2026-6-25 14:04:04","2026-6-25 14:04:04"
"430","976","64","4","11","250","2026-6-25 14:04:04","2026-6-25 14:04:04"
"431","840","65","5","11","450","2026-6-25 14:04:04","2026-6-25 14:04:04"
"432","961","65","5","11","450","2026-6-25 14:04:04","2026-6-25 14:04:04"
"433","894","68","8","11","1750","2026-6-25 14:04:04","2026-6-25 14:04:04"
"434","891","67","7","11","1250","2026-6-25 14:04:04","2026-6-25 14:04:04"
"435","1048","66","6","11","750","2026-6-25 14:04:04","2026-6-25 14:04:04"
"436","745","65","5","11","450","2026-6-25 14:04:04","2026-6-25 14:04:04"
"437","1121","62","2","11","125","2026-6-25 14:04:04","2026-6-25 14:04:04"
"438","1279","65","5","11","450","2026-6-25 14:04:04","2026-6-25 14:04:04"
"439","903","67","7","11","1250","2026-6-25 14:04:04","2026-6-25 14:04:04"
"440","917","66","6","11","750","2026-6-25 14:04:04","2026-6-25 14:04:04"
"441","1271","65","5","11","450","2026-6-25 14:04:04","2026-6-25 14:04:04"
"442","1057","67","7","11","1250","2026-6-25 14:04:04","2026-6-25 14:04:04"
"443","1231","65","5","11","450","2026-6-25 14:04:04","2026-6-25 14:04:04"
"444","1129","66","6","11","750","2026-6-25 14:04:04","2026-6-25 14:04:04"
"445","1276","65","5","11","450","2026-6-25 14:04:04","2026-6-25 14:04:04"
"446","1277","65","5","11","450","2026-6-25 14:04:04","2026-6-25 14:04:04"
"447","1278","67","7","11","1250","2026-6-25 14:04:04","2026-6-25 14:04:04"
"448","1272","65","5","11","450","2026-6-25 14:04:04","2026-6-25 14:04:04"
"449","1280","68","8","11","1750","2026-6-25 14:04:04","2026-6-25 14:04:04"
"450","1268","62","2","11","125","2026-6-25 14:04:04","2026-6-25 14:04:04"
"451","1086","67","7","11","1250","2026-6-25 14:04:04","2026-6-25 14:04:04"
"452","1258","65","5","11","450","2026-6-25 14:04:04","2026-6-25 14:04:04"
"453","1282","64","4","11","250","2026-6-25 14:04:04","2026-6-25 14:04:04"
"454","1283","66","6","11","750","2026-6-25 14:04:04","2026-6-25 14:04:04"
"455","1284","17","5","3","250","2026-6-25 14:04:04","2026-6-25 14:04:04"
"456","1285","29","10","6","1000","2026-6-25 14:04:04","2026-6-25 14:04:04"
"457","1286","52","2","10","455","2026-6-25 14:04:04","2026-6-25 14:04:04"
"458","955","52","2","10","455","2026-6-25 14:04:04","2026-6-25 14:04:04"
"459","1288","29","10","6","1000","2026-6-25 14:04:04","2026-6-25 14:04:04"
"460","1042","62","2","11","125","2026-6-25 14:04:04","2026-6-25 14:04:04"
"461","1036","62","2","11","125","2026-6-25 14:04:04","2026-6-25 14:04:04"
"462","1289","65","5","11","450","2026-6-25 14:04:04","2026-6-25 14:04:04"
"463","103","29","10","6","1000","2026-6-25 14:04:04","2026-6-25 14:04:04"
"464","1290","1","1","3","125","2026-6-25 14:04:04","2026-6-25 14:04:04"
"465","1292","29","10","6","1000","2026-6-25 14:04:04","2026-6-25 14:04:04"
"466","1291","62","2","11","125","2026-6-25 14:04:04","2026-6-25 14:04:04"
"467","152","29","10","6","1000","2026-6-25 14:04:04","2026-6-25 14:04:04"
"468","860","67","7","11","1250","2026-6-25 14:04:04","2026-6-25 14:04:04"
"469","843","66","6","11","750","2026-6-25 14:04:04","2026-6-25 14:04:04"
"470","1232","70","10","11","75","2026-6-25 14:04:04","2026-6-25 14:04:04"
"471","1294","69","9","11","2200","2026-6-25 14:04:04","2026-6-25 14:04:04"
"472","1295","52","2","10","455","2026-6-25 14:04:04","2026-6-25 14:04:04"
"473","1296","25","6","6","167","2026-6-25 14:04:04","2026-6-25 14:04:04"
"474","1297","1","1","3","125","2026-6-25 14:04:04","2026-6-25 14:04:04"
"475","1288","59","9","10","475","2026-6-25 14:04:04","2026-6-25 14:04:04"
"476","1298","2","2","3","150","2026-6-25 14:04:04","2026-6-25 14:04:04"
"477","1300","59","9","10","475","2026-6-25 14:04:04","2026-6-25 14:04:04"
"478","893","44","4","9","2350","2026-6-25 14:04:04","2026-6-25 14:04:04"
"479","1302","1","1","3","125","2026-6-25 14:04:04","2026-6-25 14:04:04"
"480","910","59","9","10","475","2026-6-25 14:04:04","2026-6-25 14:04:04"
"481","1303","1","1","3","125","2026-6-25 14:04:04","2026-6-25 14:04:04"
"482","1294","3","3","3","175","2026-6-25 14:04:04","2026-6-25 14:04:04"
"483","1299","55","5","10","425","2026-6-25 14:04:04","2026-6-25 14:04:04"
"484","1304","1","1","3","125","2026-6-25 14:04:04","2026-6-25 14:04:04"
"485","1305","59","9","10","475","2026-6-25 14:04:04","2026-6-25 14:04:04"
"486","1302","4","1","6","35","2026-6-25 14:04:04","2026-6-25 14:04:04"
"487","178","28","9","6","48","2026-6-25 14:04:04","2026-6-25 14:04:04"
"488","1349","29","10","6","1000","2026-6-25 14:04:04","2026-6-25 14:04:04"
